the,0.0668252
be,0.0380413
and,0.0325689
of,0.0313646
a,0.0307591
in,0.0212145
to,0.0192004
have,0.0130504
to,0.0116949
it,0.0117421
I,0.0120628
that,0.0104034
for,0.00994998
you,0.00934262
he,0.0088214
with,0.0081354
on,0.00753591
do,0.0078036
say,0.00580706
this,0.00571678
they,0.00565679
at,0.00535981
but,0.00538749
we,0.00552141
his,0.00546311
from,0.0049604
that,0.00519233
not,0.00496924
n't,0.00490913
by,0.00451962
she,0.0045024
or,0.00418236
as,0.00393238
what,0.00358108
go,0.00349018
their,0.00328395
can,0.00310124
who,0.00308762
get,0.00300974
if,0.00283067
would,0.00280633
her,0.00293998
all,0.00270502
my,0.00278907
make,0.00259909
about,0.00265136
know,0.00270633
will,0.00250024
as,0.00251374
up,0.00241221
one,0.00232942
time,0.00231858
there,0.00237884
year,0.00233252
so,0.002294
think,0.00234323
when,0.00205772
which,0.00208003
them,0.00205543
some,0.00204428
me,0.00215171
people,0.00209666
take,0.00203382
out,0.00205765
into,0.00202602
just,0.00205495
see,0.0020123
him,0.00205493
your,0.0020001
come,0.00190498
could,0.00187369
now,0.0018375
than,0.00175793
like,0.00172486
other,0.00166103
how,0.00163402
then,0.00164944
its,0.00163653
our,0.00159222
two,0.00154953
more,0.00156927
these,0.00155813
want,0.00156149
way,0.00142634
look,0.00149095
first,0.00140562
also,0.00140877
new,0.00132201
because,0.00132973
day,0.00131225
more,0.00127403
use,0.00127589
no,0.00121961
man,0.00124247
find,0.00119833
here,0.00125022
thing,0.00121507
give,0.00116588
many,0.00116845
well,0.00124858
only,0.00115094
those,0.00114619
tell,0.00117696
one,0.00112055
very,0.00118807
her,0.00120666
even,0.00109482
back,0.00111537
any,0.0010555
good,0.00107331
woman,0.00103526
through,0.00103374
us,0.00106456
life,0.00100998
child,0.00101229
there,0.00101103
work,0.000964872
down,0.00099883
may,0.000984154
after,0.000945745
should,0.000940781
call,0.000934065
world,0.000920287
over,0.000910714
school,0.00092234
still,0.000900417
try,0.000891533
in,0.000864279
as,0.000853509
last,0.000878858
ask,0.000863057
need,0.000839139
too,0.000850213
feel,0.0008345
three,0.000808818
when,0.00081329
state,0.00082534
never,0.000796204
become,0.000785646
between,0.000800976
high,0.000776046
really,0.00079872
something,0.000772935
most,0.00074701
another,0.000729684
much,0.000741391
family,0.000737631
own,0.000729095
out,0.000735132
leave,0.000729186
put,0.000720084
old,0.000717346
while,0.000711215
mean,0.00073439
on,0.000718568
keep,0.00070274
student,0.00077335
why,0.000713904
let,0.000728634
great,0.000682257
same,0.00067568
big,0.000688819
group,0.00069569
begin,0.000662888
seem,0.00066595
country,0.000676596
help,0.000655201
talk,0.000695672
where,0.000648112
turn,0.000671302
problem,0.000660192
every,0.000645064
start,0.000648742
hand,0.000682991
might,0.000633906
American,0.000651823
show,0.000630807
part,0.000630273
about,0.000632363
against,0.000619715
place,0.000613796
over,0.000631483
such,0.00062786
again,0.000627344
few,0.000598147
case,0.000608781
most,0.000597602
week,0.000604218
company,0.00061658
where,0.000589539
system,0.000606968
each,0.000595891
right,0.000622356
program,0.000594263
hear,0.000594521
so,0.000581855
question,0.000582392
during,0.000578326
work,0.000568635
play,0.000571046
government,0.0005801
run,0.000568004
small,0.000562358
number,0.000564002
off,0.00055748
always,0.000544199
move,0.000543938
like,0.000552892
night,0.000559472
live,0.000534101
Mr,0.000571734
point,0.000538156
believe,0.000540933
hold,0.000537813
today,0.000557085
bring,0.00052871
happen,0.000554023
next,0.000534593
without,0.000522895
before,0.000523868
large,0.000532485
all,0.000537658
million,0.000536379
must,0.000518634
home,0.00051707
under,0.000499601
water,0.000508395
room,0.000522967
write,0.000490681
mother,0.000513674
area,0.000502773
national,0.000504432
money,0.000499686
story,0.000496011
young,0.000485183
fact,0.000498495
month,0.000493291
different,0.00049246
lot,0.000514168
right,0.000495032
study,0.00052781
book,0.000466996
eye,0.000512894
job,0.00046921
word,0.000463594
though,0.000461444
business,0.000468376
issue,0.000474286
side,0.000462587
kind,0.000470086
four,0.000456787
head,0.000485547
far,0.000450647
black,0.000457005
long,0.000451947
both,0.000443724
little,0.000453791
house,0.000452557
yes,0.000477157
after,0.000431447
since,0.000428339
long,0.000430592
provide,0.000457493
service,0.000443069
around,0.000435925
friend,0.000432684
important,0.000437223
father,0.000439822
sit,0.000446292
away,0.000438797
until,0.000426989
power,0.000428621
hour,0.000421337
game,0.000443642
often,0.000426723
yet,0.000410813
line,0.000412335
political,0.00043796
end,0.000406628
among,0.000419024
ever,0.000411692
stand,0.000427347
bad,0.000409072
lose,0.000406622
however,0.000431426
member,0.00040853
pay,0.000403684
law,0.000405422
meet,0.000390355
car,0.000405012
city,0.000402323
almost,0.000387838
include,0.000404988
continue,0.000382143
set,0.000386207
later,0.000383556
community,0.000403454
much,0.000382143
name,0.000385509
five,0.000380755
once,0.000382671
white,0.00038436
least,0.000375873
president,0.000406929
learn,0.00037704
real,0.000376558
change,0.000373514
team,0.000398699
minute,0.000384057
best,0.000378569
several,0.000376109
idea,0.000370351
kid,0.000383353
body,0.000379524
information,0.000386091
nothing,0.00038423
ago,0.000379787
right,0.000382898
lead,0.000372022
social,0.000402975
understand,0.000367968
whether,0.000369687
back,0.000379042
watch,0.000378951
together,0.000361394
follow,0.000362119
around,0.000372319
parent,0.00036268
only,0.000356888
stop,0.000368353
face,0.00038597
anything,0.000364748
create,0.000362101
public,0.000363332
already,0.000349369
speak,0.000355851
others,0.000351039
read,0.000345954
level,0.000369029
allow,0.000348374
add,0.000357319
office,0.000348068
spend,0.000347395
door,0.000379002
health,0.000357076
person,0.000344608
art,0.000357346
sure,0.000352298
such,0.000361209
war,0.000357204
history,0.00034841
party,0.000342522
within,0.000347486
grow,0.000333601
result,0.000352574
open,0.000339171
change,0.000340897
morning,0.000345675
walk,0.000345023
reason,0.000324029
low,0.000330478
win,0.000338022
research,0.000348101
girl,0.000334781
guy,0.000334781
early,0.000327995
food,0.000326651
before,0.000325802
moment,0.000332692
himself,0.000331382
air,0.000321206
teacher,0.000352037
force,0.000327491
offer,0.000322846
enough,0.000321048
both,0.000322506
education,0.000344854
across,0.000320075
although,0.000327249
remember,0.000324077
foot,0.000325308
second,0.000314198
boy,0.000325799
maybe,0.000328753
toward,0.000321363
able,0.000312834
age,0.000313534
off,0.000315717
policy,0.000326266
everything,0.000314107
love,0.00031438
process,0.000325478
music,0.000311275
including,0.000314286
consider,0.000309244
appear,0.000305253
actually,0.00031885
buy,0.000306569
probably,0.000302473
human,0.00030693
wait,0.000310687
serve,0.000302188
market,0.000304538
die,0.000298294
send,0.000292949
expect,0.000289774
home,0.000296963
sense,0.000290775
build,0.000293064
stay,0.000293919
fall,0.000293843
oh,0.000314174
nation,0.000294765
plan,0.000290556
cut,0.000291126
college,0.000294237
interest,0.00029297
death,0.000282667
course,0.000291769
someone,0.000289901
experience,0.000297476
behind,0.0002882
reach,0.000280098
local,0.000281902
kill,0.000280962
six,0.000274628
remain,0.000276896
effect,0.000288713
use,0.0002928
yeah,0.000313495
suggest,0.000280911
class,0.000276908
control,0.000273809
raise,0.000263909
care,0.000269446
perhaps,0.000263982
little,0.000268946
late,0.000262045
hard,0.000263245
field,0.000264537
else,0.000266456
pass,0.000261326
former,0.000269652
sell,0.000266423
major,0.000265277
sometimes,0.000257266
require,0.000270714
along,0.000257511
development,0.000278946
themselves,0.000258512
report,0.000267251
role,0.000268852
better,0.000254385
economic,0.000274085
effort,0.000262202
up,0.000260037
decide,0.00025481
rate,0.000264479
strong,0.000253724
possible,0.000257991
heart,0.000256329
drug,0.000261468
show,0.000263279
leader,0.000259064
light,0.000265095
voice,0.000271014
wife,0.000253494
whole,0.000253964
police,0.000260404
mind,0.000251089
finally,0.000248491
pull,0.000264537
return,0.000248069
free,0.000248912
military,0.000258197
price,0.000256047
report,0.000252199
less,0.000251459
according,0.000254015
decision,0.00024994
explain,0.000244992
son,0.000245289
hope,0.000246775
even,0.000239807
develop,0.000257236
view,0.000246632
relationship,0.000256368
carry,0.000241098
town,0.000242032
road,0.000245568
drive,0.000244018
arm,0.000257327
true,0.000240449
federal,0.000248112
break,0.000240483
better,0.000237523
difference,0.000251402
thank,0.000268573
receive,0.000243333
value,0.000251496
international,0.000247457
building,0.000237987
action,0.000242602
full,0.000235137
model,0.00025159
join,0.000244422
season,0.000253924
society,0.000246189
because,0.00023383
tax,0.000244737
director,0.000242008
early,0.000229248
position,0.000233854
player,0.000246693
agree,0.000232729
especially,0.000231368
record,0.000235022
pick,0.000234076
wear,0.000236271
paper,0.000228575
special,0.000228318
space,0.000228612
ground,0.000226544
form,0.000238005
support,0.000232096
event,0.000229109
official,0.000239622
whose,0.000227153
matter,0.000223903
everyone,0.000226001
center,0.000226077
couple,0.000227023
site,0.00023024
end,0.00022165
project,0.000228766
hit,0.000224379
base,0.000230104
activity,0.00023645
star,0.000223457
table,0.000228105
need,0.000227041
court,0.000224721
produce,0.000224894
eat,0.000222881
American,0.000221541
teach,0.000220343
oil,0.000225552
half,0.000215073
situation,0.000220146
easy,0.000217111
cost,0.000222902
industry,0.000221516
figure,0.000226983
face,0.000210716
street,0.000217241
image,0.000218972
itself,0.000215567
phone,0.000217102
either,0.000210728
data,0.000232247
cover,0.000210394
quite,0.00021215
picture,0.000209915
clear,0.000208196
practice,0.000223609
piece,0.000208921
land,0.000211495
recent,0.00021433
describe,0.000216428
product,0.00021493
doctor,0.000210573
wall,0.000216468
patient,0.000218975
worker,0.000212138
news,0.000212408
test,0.000211859
movie,0.000210394
certain,0.000203848
north,0.000206328
love,0.000204657
personal,0.000205937
open,0.000203818
support,0.000210528
simply,0.000202283
third,0.000203269
technology,0.000210934
catch,0.000206838
step,0.000200828
baby,0.000205828
computer,0.000204366
type,0.000207647
attention,0.000197914
draw,0.000197693
film,0.00020232
Republican,0.000217138
tree,0.000202035
source,0.000202738
red,0.000200782
nearly,0.000196668
organization,0.000203999
choose,0.000195115
cause,0.00019567
hair,0.000210931
look,0.000200713
point,0.000190967
century,0.000199115
evidence,0.000198184
window,0.000207107
difficult,0.000193899
listen,0.000197044
soon,0.000191537
culture,0.000203545
billion,0.000197829
chance,0.000190064
brother,0.000192259
energy,0.000194481
period,0.000195679
course,0.000194096
summer,0.000189521
less,0.000188463
realize,0.000187183
hundred,0.00018577
available,0.000191595
plant,0.000192471
likely,0.000191034
opportunity,0.000189275
term,0.000190913
short,0.000183299
letter,0.00018305
condition,0.00019251
choice,0.000183408
place,0.000184742
single,0.00018215
rule,0.000185151
daughter,0.000183217
administration,0.000188211
south,0.000183841
husband,0.000182313
Congress,0.000190546
floor,0.000189384
campaign,0.000194581
material,0.00018933
population,0.000191025
well,0.000185627
call,0.000180545
economy,0.000184933
medical,0.000180185
hospital,0.000177895
church,0.000180312
close,0.000184612
thousand,0.000176798
risk,0.000183241
current,0.000185727
fire,0.000180069
future,0.000175927
wrong,0.000178863
involve,0.000180542
defense,0.000181025
anyone,0.000176698
increase,0.000183271
security,0.000178638
bank,0.000178875
myself,0.00018107
certainly,0.00018114
west,0.000176379
sport,0.000178917
board,0.000177189
seek,0.000177368
per,0.000180209
subject,0.000186167
officer,0.000174705
private,0.000173587
rest,0.000171967
behavior,0.000189891
deal,0.000174236
performance,0.000181655
fight,0.000172489
throw,0.000175212
top,0.000175088
quickly,0.000171179
past,0.000171585
goal,0.000178074
second,0.000169869
bed,0.000182853
order,0.000171267
author,0.000176776
fill,0.000172577
represent,0.000178123
focus,0.000173371
foreign,0.000174472
drop,0.000171161
plan,0.000169284
blood,0.000170867
upon,0.000172935
agency,0.000172695
push,0.000170115
nature,0.000175652
color,0.000172768
no,0.000165563
recently,0.000169778
store,0.000170248
reduce,0.000172923
sound,0.000172313
note,0.00017291
fine,0.000167298
before,0.000168614
near,0.000166373
movement,0.000170412
page,0.000169611
enter,0.00016519
share,0.000163768
than,0.00016895
common,0.000169621
poor,0.000163192
other,0.000164866
natural,0.000168365
race,0.000166279
concern,0.000167386
series,0.000165403
significant,0.000178738
similar,0.000169502
hot,0.00016556
language,0.000169193
each,0.000162716
usually,0.000162152
response,0.000170839
dead,0.000167107
rise,0.000162349
animal,0.000161091
factor,0.00017469
decade,0.00016291
article,0.000166379
shoot,0.000160821
east,0.000160736
save,0.000157877
seven,0.000157707
artist,0.000164808
away,0.000157689
scene,0.000155394
stock,0.000164663
career,0.00015798
despite,0.000156236
central,0.000159193
eight,0.00015425
thus,0.000172953
treatment,0.000161888
beyond,0.000153859
happy,0.00015667
exactly,0.000159751
protect,0.000153577
approach,0.000163677
lie,0.000156634
size,0.000157273
dog,0.000158726
fund,0.000163311
serious,0.000152474
occur,0.000160002
media,0.000157061
ready,0.000154135
sign,0.000151746
thought,0.000156185
list,0.000153665
individual,0.000165976
simple,0.000153377
quality,0.000158353
pressure,0.000153953
accept,0.000151464
answer,0.000151515
hard,0.000154014
resource,0.000161913
identify,0.000162173
left,0.000153062
meeting,0.000151355
determine,0.000158068
prepare,0.000149208
disease,0.000155281
whatever,0.000152216
success,0.00015325
argue,0.000154681
cup,0.000162625
particularly,0.000152607
amount,0.00015144
ability,0.000156085
staff,0.000152146
recognize,0.000151737
indicate,0.000161358
character,0.000150184
growth,0.00015435
loss,0.000150879
degree,0.000153465
wonder,0.000154262
attack,0.000154332
herself,0.000160448
region,0.000154381
television,0.000150618
box,0.0001506
TV,0.000149905
training,0.0001516
pretty,0.000152777
trade,0.000150688
deal,0.000148501
election,0.000155618
everybody,0.000155087
physical,0.000156009
lay,0.000149663
general,0.000150569
feeling,0.000143571
standard,0.000151233
bill,0.000148611
message,0.000144129
fail,0.000144038
outside,0.000141385
arrive,0.000143832
analysis,0.000163253
benefit,0.000147346
name,0.00014365
sex,0.00014502
forward,0.000145172
lawyer,0.000145099
present,0.000150575
section,0.000150894
environmental,0.000155224
glass,0.000150657
answer,0.000144517
skill,0.000152916
sister,0.0001461
PM,0.000166058
professor,0.000141224
operation,0.00014335
financial,0.000144948
crime,0.000145575
stage,0.00014053
ok,0.000165852
compare,0.00014583
authority,0.00014345
miss,0.000141072
design,0.000147379
sort,0.000142774
one,0.000138256
act,0.000138413
ten,0.000141988
knowledge,0.000152625
gun,0.000143438
station,0.000140387
blue,0.000144399
state,0.000145475
strategy,0.000148959
little,0.00013787
clearly,0.000139214
discuss,0.000142064
indeed,0.000140039
force,0.000136239
truth,0.000136918
song,0.000137516
example,0.000142919
democratic,0.000143419
check,0.000138753
environment,0.00014496
leg,0.000143959
dark,0.000144226
public,0.000138522
various,0.000141837
rather,0.000136248
laugh,0.000147264
guess,0.000145684
executive,0.000143538
set,0.000136815
study,0.000136136
prove,0.000134338
hang,0.000141397
entire,0.000133407
rock,0.000137131
design,0.000139317
enough,0.000134562
forget,0.00013818
since,0.00013824
claim,0.000134202
note,0.000135599
remove,0.000135487
manager,0.000140048
help,0.00013257
close,0.000132106
sound,0.000137391
enjoy,0.000133477
network,0.000136818
legal,0.000135903
religious,0.000140769
cold,0.000135384
form,0.000135375
final,0.00013217
main,0.000132528
science,0.00013865
green,0.000135457
memory,0.000131994
card,0.000132218
above,0.00013381
seat,0.000134641
cell,0.000135936
establish,0.000139241
nice,0.000135818
trial,0.000134899
expert,0.000133107
that,0.000131473
spring,0.000133674
firm,0.000135551
Democrat,0.000142225
radio,0.000130857
visit,0.000130205
management,0.000136788
care,0.000130317
avoid,0.00013005
imagine,0.000131861
tonight,0.000144177
huge,0.000129117
ball,0.000131937
no,0.0001363
close,0.000129856
finish,0.000130818
yourself,0.0001316
talk,0.000131194
theory,0.000138125
impact,0.000132755
respond,0.000127773
statement,0.000130205
maintain,0.000131879
charge,0.000128422
popular,0.000128562
traditional,0.000132449
onto,0.000132015
reveal,0.000129186
direction,0.000125169
weapon,0.000130863
employee,0.00012985
cultural,0.000138489
contain,0.000128995
peace,0.00012818
head,0.000126315
control,0.000126657
base,0.000124787
pain,0.000125381
apply,0.000128537
play,0.000126327
measure,0.000133228
wide,0.000125026
shake,0.000136934
fly,0.000125451
interview,0.000126121
manage,0.000122913
chair,0.00013116
fish,0.000125799
particular,0.000128234
camera,0.000124981
structure,0.000132319
politics,0.000126618
perform,0.000126342
bit,0.000127094
weight,0.000127106
suddenly,0.000131542
discover,0.00012277
candidate,0.000131145
top,0.000125787
production,0.00012751
treat,0.000122088
trip,0.00012257
evening,0.000123959
affect,0.000125824
inside,0.000123883
conference,0.000123237
unit,0.000124583
best,0.000121163
style,0.000123983
adult,0.000123425
worry,0.000121924
range,0.000125308
mention,0.000120727
rather,0.000126012
far,0.000121187
deep,0.00012167
past,0.00011995
edge,0.000124198
individual,0.000128337
specific,0.000128556
writer,0.000120275
trouble,0.000120253
necessary,0.00012364
throughout,0.000121803
challenge,0.00012244
fear,0.000117822
shoulder,0.000129908
institution,0.000127816
middle,0.000122506
sea,0.00011982
dream,0.000120114
bar,0.000120842
beautiful,0.000121445
property,0.000121369
instead,0.00011841
improve,0.000121936
stuff,0.000121833
detail,0.000117497
method,0.000129374
sign,0.000119523
somebody,0.000126257
magazine,0.000118853
hotel,0.000120202
soldier,0.000119929
reflect,0.000123371
heavy,0.00011874
sexual,0.000126942
cause,0.000117779
bag,0.000121309
heat,0.000122388
fall,0.000117716
marriage,0.000116791
tough,0.000120075
sing,0.000116967
surface,0.000119368
purpose,0.000121542
exist,0.000119289
pattern,0.000122491
whom,0.000115071
skin,0.000120963
agent,0.000116027
owner,0.000119747
machine,0.000116457
gas,0.000115811
down,0.000120175
ahead,0.000120393
generation,0.000116202
commercial,0.000123131
address,0.000120602
cancer,0.000119489
test,0.000117176
item,0.000122306
reality,0.000116427
coach,0.000123459
step,0.000119335
Mrs,0.00012294
yard,0.000119022
beat,0.000116036
violence,0.00011666
total,0.000117643
tend,0.000116118
investment,0.000117679
discussion,0.000120123
finger,0.000123841
garden,0.000117649
notice,0.000117982
collection,0.00011653
modern,0.000116351
task,0.000118889
partner,0.000113828
positive,0.000119195
civil,0.000114441
kitchen,0.000119262
consumer,0.000115463
shot,0.000113722
budget,0.000118756
wish,0.000113804
painting,0.000119056
scientist,0.000114313
safe,0.000110817
agreement,0.000115651
capital,0.000113534
mouth,0.000121894
nor,0.000112888
victim,0.000111821
newspaper,0.000113774
instead,0.000109908
threat,0.000112258
responsibility,0.000112446
smile,0.000125754
attorney,0.000115099
score,0.000119147
account,0.000111542
interesting,0.000113625
break,0.000122343
audience,0.000109847
rich,0.000108977
dinner,0.000112664
figure,0.000109574
vote,0.000119662
western,0.00011337
relate,0.000118689
travel,0.000108389
debate,0.000112882
prevent,0.000110435
citizen,0.000110396
majority,0.000111457
none,0.000107215
front,0.000113292
born,0.000107194
admit,0.00010656
senior,0.000110972
assume,0.000109037
wind,0.000110608
key,0.000109329
professional,0.000110126
mission,0.000106785
fast,0.000107564
alone,0.000106072
customer,0.000109159
suffer,0.000105141
speech,0.000107655
successful,0.000107518
option,0.000107443
participant,0.000125721
southern,0.000107079
fresh,0.00010908
eventually,0.000104714
no,0.000106175
forest,0.000107427
video,0.000106824
global,0.000110314
Senate,0.000111612
reform,0.000109471
access,0.000107067
restaurant,0.000108849
judge,0.000107533
publish,0.000106315
cost,0.000105948
relation,0.000112079
like,0.000108055
release,0.000104007
own,0.000104844
bird,0.000105626
opinion,0.000104613
credit,0.000104847
critical,0.000108625
corner,0.00010763
concerned,0.000104098
recall,0.000104435
version,0.000104477
stare,0.000119062
safety,0.000103664
effective,0.000108707
neighborhood,0.00010519
original,0.00010421
act,0.00010341
troop,0.000109162
income,0.000105899
directly,0.000103367
hurt,0.000104444
species,0.000108564
immediately,0.000100265
track,0.000102452
basic,0.000105484
strike,0.000100784
hope,0.00010012
sky,0.000106554
freedom,0.000103622
absolutely,0.000111403
plane,0.000102791
nobody,0.000103943
achieve,0.00010663
object,0.000106248
attitude,0.000107452
labor,0.000104307
refer,0.000104056
concept,0.000108989
client,0.000103176
powerful,0.00010052
perfect,0.000101445
nine,9.99621e-05
therefore,0.00010868
conduct,0.000105851
announce,0.000100987
conversation,0.000100202
examine,0.000108631
touch,0.000105329
please,0.000105244
attend,0.000101214
completely,9.86977e-05
vote,0.000106806
variety,0.000103828
sleep,0.000105523
turn,9.98924e-05
involved,0.00010136
investigation,0.000102636
nuclear,0.000103895
researcher,0.000105344
press,0.000101305
conflict,0.000105247
spirit,9.98863e-05
experience,0.000103122
replace,9.91161e-05
British,9.98469e-05
encourage,0.000101117
argument,0.000101257
by,9.8728e-05
once,9.75758e-05
camp,9.90282e-05
brain,9.96134e-05
feature,0.000101105
afternoon,0.000100675
AM,0.000104462
weekend,0.000100787
dozen,9.83399e-05
possibility,9.8443e-05
along,9.84703e-05
insurance,9.98438e-05
department,9.77941e-05
battle,9.69966e-05
beginning,9.66237e-05
date,9.54138e-05
generally,0.000100641
African,0.000104783
very,9.64448e-05
sorry,0.000103913
crisis,9.98317e-05
complete,9.94951e-05
fan,9.98166e-05
stick,9.78153e-05
define,0.000102967
easily,9.62871e-05
through,9.65388e-05
hole,9.79457e-05
element,0.000100223
vision,9.81155e-05
status,0.000101612
normal,9.48013e-05
Chinese,9.80427e-05
ship,9.88129e-05
solution,9.71876e-05
stone,9.86401e-05
slowly,0.000101284
scale,0.000104231
bit,9.72938e-05
university,0.000100062
introduce,9.50439e-05
driver,9.59172e-05
attempt,9.68602e-05
park,9.80063e-05
spot,9.58535e-05
lack,9.7506e-05
ice,9.60779e-05
boat,9.72695e-05
drink,9.72665e-05
sun,9.89888e-05
front,9.72938e-05
distance,9.515e-05
wood,9.64266e-05
handle,9.2888e-05
truck,9.5623e-05
return,9.41737e-05
mountain,9.49742e-05
survey,9.94072e-05
supposed,9.40129e-05
tradition,9.73635e-05
winter,9.46861e-05
village,9.32125e-05
Soviet,0.000109744
refuse,9.14902e-05
sales,9.74696e-05
roll,9.57928e-05
communication,9.57474e-05
run,9.49832e-05
screen,9.3264e-05
gain,9.29881e-05
resident,9.65327e-05
hide,9.42949e-05
gold,9.31882e-05
club,9.33913e-05
future,9.54957e-05
farm,9.1848e-05
potential,9.48741e-05
increase,9.47467e-05
middle,9.1569e-05
European,9.53774e-05
presence,9.28577e-05
independent,9.41312e-05
district,9.49893e-05
shape,9.21663e-05
reader,9.5338e-05
Ms,9.58474e-05
contract,9.37128e-05
crowd,9.2609e-05
Christian,9.3167e-05
express,9.38371e-05
apartment,9.40342e-05
willing,8.98589e-05
strength,9.02652e-05
previous,9.24514e-05
band,9.02652e-05
obviously,9.49044e-05
horse,9.39766e-05
interested,8.84034e-05
target,9.05593e-05
prison,9.17176e-05
ride,9.24089e-05
guard,9.14477e-05
terms,9.39857e-05
demand,9.25393e-05
reporter,9.2227e-05
deliver,8.84459e-05
text,9.79881e-05
share,9.32458e-05
tool,9.18328e-05
wild,8.93676e-05
vehicle,8.921e-05
observe,9.32003e-05
flight,8.95556e-05
inside,9.31336e-05
facility,9.129e-05
understanding,9.49651e-05
average,9.01075e-05
emerge,8.94374e-05
advantage,8.89644e-05
quick,8.82609e-05
light,9.01499e-05
leadership,9.11081e-05
earn,8.96314e-05
pound,9.08019e-05
basis,9.21087e-05
bright,9.02985e-05
operate,8.89795e-05
guest,8.8928e-05
sample,9.8352e-05
contribute,9.12385e-05
tiny,9.02257e-05
block,8.74058e-05
protection,8.89522e-05
settle,8.74088e-05
feed,8.63991e-05
collect,8.77697e-05
additional,9.02712e-05
while,8.9689e-05
highly,8.96132e-05
identity,9.4492e-05
title,8.85702e-05
mostly,8.5441e-05
lesson,8.67903e-05
faith,8.70541e-05
river,8.7515e-05
promote,8.99923e-05
living,8.71329e-05
present,9.29214e-05
count,8.74361e-05
unless,8.46223e-05
marry,8.70905e-05
tomorrow,9.12628e-05
technique,9.04441e-05
path,8.59443e-05
ear,8.97436e-05
shop,8.66872e-05
folk,8.70177e-05
order,8.47496e-05
principle,9.0999e-05
survive,8.3937e-05
lift,8.90068e-05
border,8.68297e-05
competition,8.71814e-05
jump,8.64294e-05
gather,8.38673e-05
limit,8.76332e-05
fit,8.45222e-05
claim,8.67478e-05
cry,9.00256e-05
equipment,8.4971e-05
worth,8.39522e-05
associate,9.21967e-05
critic,8.56411e-05
warm,8.67205e-05
aspect,8.93282e-05
result,8.9495e-05
insist,8.24906e-05
failure,8.56108e-05
annual,8.63294e-05
French,8.3658e-05
Christmas,8.50407e-05
comment,8.4028e-05
responsible,8.35944e-05
affair,8.31789e-05
approach,8.32305e-05
until,8.18903e-05
procedure,8.80668e-05
regular,8.26089e-05
spread,8.26756e-05
chairman,8.65993e-05
baseball,8.6572e-05
soft,8.48103e-05
ignore,8.19388e-05
egg,8.46496e-05
measure,8.67569e-05
belief,8.74604e-05
demonstrate,8.84489e-05
anybody,8.70359e-05
murder,8.5917e-05
gift,8.20206e-05
religion,8.55683e-05
review,8.53288e-05
editor,8.40947e-05
past,8.57442e-05
engage,8.54895e-05
coffee,8.59049e-05
document,8.92585e-05
speed,8.41129e-05
cross,8.34579e-05
influence,8.60747e-05
anyway,8.54167e-05
threaten,8.06167e-05
commit,8.16962e-05
female,8.47557e-05
youth,8.41583e-05
wave,8.1396e-05
move,8.10109e-05
afraid,8.40734e-05
quarter,8.22481e-05
background,8.1587e-05
native,8.49801e-05
broad,8.24482e-05
wonderful,8.33669e-05
deny,8.08836e-05
apparently,8.03924e-05
slightly,8.15264e-05
reaction,8.11747e-05
twice,8.02013e-05
suit,8.20692e-05
perspective,8.58837e-05
growing,8.14385e-05
blow,8.26392e-05
construction,8.22147e-05
kind,8.93707e-05
intelligence,8.35519e-05
destroy,7.93736e-05
cook,8.40674e-05
connection,8.05106e-05
charge,8.01468e-05
burn,8.07956e-05
shoe,8.17023e-05
view,8.26513e-05
grade,8.24088e-05
context,8.82761e-05
committee,8.09503e-05
hey,8.38673e-05
mistake,7.90794e-05
focus,8.13081e-05
smile,8.70177e-05
location,8.02408e-05
clothes,8.19691e-05
Indian,8.21723e-05
quiet,8.10564e-05
dress,8.08654e-05
promise,7.79878e-05
aware,7.73299e-05
neighbor,7.73117e-05
complete,7.79242e-05
drive,7.99679e-05
function,8.49346e-05
bone,7.96919e-05
active,8.03742e-05
extend,7.87429e-05
chief,8.02195e-05
average,8.05591e-05
combine,8.05652e-05
wine,8.09048e-05
below,8.11565e-05
cool,7.96828e-05
voter,8.41978e-05
mean,8.79061e-05
demand,7.64323e-05
learning,8.75362e-05
bus,7.8382e-05
hell,8.2712e-05
dangerous,7.63201e-05
remind,7.73966e-05
moral,8.18084e-05
United,8.00376e-05
category,8.25331e-05
relatively,8.02802e-05
victory,8.01164e-05
key,7.71267e-05
academic,8.55562e-05
visit,7.58047e-05
Internet,8.18175e-05
healthy,7.88641e-05
fire,7.69872e-05
negative,8.14051e-05
following,8.07865e-05
historical,8.26756e-05
medicine,7.73541e-05
tour,7.81728e-05
depend,7.70327e-05
photo,7.72965e-05
finding,8.56471e-05
grab,8.17205e-05
direct,7.88611e-05
classroom,8.34791e-05
contact,7.64657e-05
justice,7.69478e-05
participate,8.03529e-05
daily,7.63474e-05
fair,7.59987e-05
pair,7.6681e-05
famous,7.46858e-05
exercise,7.86367e-05
knee,7.857e-05
flower,7.77513e-05
tape,7.80182e-05
hire,7.6026e-05
familiar,7.43341e-05
appropriate,7.95555e-05
supply,7.55621e-05
fully,7.53256e-05
cut,7.67962e-05
will,7.38368e-05
actor,7.53438e-05
birth,7.43341e-05
search,8.21328e-05
tie,7.40096e-05
democracy,7.89551e-05
eastern,7.6117e-05
primary,7.89672e-05
yesterday,7.94888e-05
circle,7.50011e-05
device,7.5556e-05
progress,7.47282e-05
next,7.79878e-05
front,7.39914e-05
bottom,7.47525e-05
island,7.37155e-05
exchange,7.52771e-05
clean,7.37579e-05
studio,7.50921e-05
train,7.27422e-05
lady,7.71267e-05
colleague,7.38944e-05
application,7.80333e-05
neck,7.79757e-05
lean,8.15537e-05
damage,7.32425e-05
plastic,7.44796e-05
tall,7.67265e-05
plate,7.45675e-05
hate,7.55651e-05
otherwise,7.21448e-05
writing,7.57895e-05
press,7.49435e-05
male,7.54196e-05
start,7.29878e-05
alive,7.33304e-05
expression,7.50406e-05
football,7.66264e-05
intend,7.14201e-05
attack,7.26845e-05
chicken,7.41824e-05
army,7.25572e-05
abuse,7.43917e-05
theater,7.41279e-05
shut,7.51164e-05
map,7.17597e-05
extra,7.27907e-05
session,7.28028e-05
danger,7.04801e-05
welcome,7.65354e-05
domestic,7.37216e-05
lots,7.20144e-05
literature,7.9607e-05
rain,7.31788e-05
desire,7.27543e-05
assessment,7.98011e-05
injury,7.25754e-05
respect,7.05711e-05
northern,7.21145e-05
nod,8.27271e-05
paint,7.28877e-05
fuel,7.25724e-05
leaf,7.29059e-05
direct,7.06439e-05
dry,7.21933e-05
Russian,7.19811e-05
instruction,7.63808e-05
fight,7.03801e-05
pool,7.07894e-05
climb,7.38853e-05
sweet,7.22964e-05
lead,7.0653e-05
engine,7.16112e-05
fourth,7.04286e-05
salt,7.49284e-05
expand,7.10047e-05
importance,7.56409e-05
metal,7.07015e-05
fat,7.53316e-05
ticket,7.24753e-05
software,7.2633e-05
disappear,7.09198e-05
corporate,7.16233e-05
strange,7.19962e-05
lip,7.65627e-05
reading,7.25269e-05
urban,7.24359e-05
mental,7.17112e-05
increasingly,7.13443e-05
lunch,7.04074e-05
educational,7.66597e-05
somewhere,7.13383e-05
farmer,6.97555e-05
above,7.23662e-05
sugar,7.37125e-05
planet,7.14595e-05
favorite,7.02224e-05
explore,7.19962e-05
obtain,7.44038e-05
enemy,6.85911e-05
greatest,6.87488e-05
complex,7.20175e-05
surround,6.78937e-05
athlete,7.23722e-05
invite,6.71872e-05
repeat,6.85941e-05
carefully,6.9246e-05
soul,6.88701e-05
scientific,7.18355e-05
impossible,6.74146e-05
panel,6.83121e-05
meaning,7.29665e-05
mom,7.11048e-05
married,6.77754e-05
alone,7.00617e-05
instrument,7.226e-05
predict,6.95644e-05
weather,6.8485e-05
presidential,7.29453e-05
emotional,6.9052e-05
commitment,7.02012e-05
Supreme,7.24814e-05
bear,6.72842e-05
pocket,7.1499e-05
thin,7.03285e-05
temperature,7.00769e-05
surprise,6.7542e-05
poll,7.27998e-05
proposal,6.92248e-05
consequence,7.06712e-05
half,6.6796e-05
breath,7.4798e-05
sight,6.93704e-05
cover,6.76208e-05
balance,6.74449e-05
adopt,6.93764e-05
minority,7.02467e-05
straight,6.9525e-05
attempt,6.90065e-05
connect,6.70113e-05
works,6.88973e-05
teaching,7.39459e-05
belong,6.62715e-05
aid,6.86548e-05
advice,6.66171e-05
okay,7.35093e-05
photograph,6.67566e-05
empty,7.0847e-05
regional,7.02922e-05
trail,6.98313e-05
novel,6.78967e-05
code,6.67536e-05
somehow,6.75177e-05
organize,6.78876e-05
jury,7.29908e-05
breast,6.78058e-05
Iraqi,7.7157e-05
human,6.67748e-05
acknowledge,6.66566e-05
theme,6.8206e-05
storm,6.84122e-05
union,6.78603e-05
record,6.65231e-05
desk,7.11199e-05
fear,6.46856e-05
thanks,6.99253e-05
fruit,6.7924e-05
under,6.52557e-05
expensive,6.58166e-05
yellow,6.80787e-05
conclusion,6.98434e-05
prime,6.69355e-05
shadow,6.9143e-05
struggle,6.47978e-05
conclude,6.74571e-05
analyst,6.87154e-05
dance,6.60986e-05
limit,6.58409e-05
like,6.58682e-05
regulation,6.81605e-05
being,6.57833e-05
last,6.434e-05
ring,6.6323e-05
largely,6.70022e-05
shift,6.46553e-05
revenue,6.80574e-05
mark,6.43915e-05
locate,6.62321e-05
county,6.87548e-05
appearance,6.41186e-05
package,6.56923e-05
difficulty,6.75814e-05
bridge,6.51829e-05
recommend,6.58197e-05
obvious,6.38336e-05
train,6.59986e-05
basically,7.05438e-05
e-mail,6.81241e-05
generate,6.7354e-05
anymore,6.60137e-05
propose,6.57712e-05
thinking,6.56863e-05
possibly,6.35334e-05
trend,6.63867e-05
visitor,6.51617e-05
loan,6.76905e-05
currently,6.56044e-05
comfortable,6.39822e-05
investor,6.79513e-05
but,6.35577e-05
profit,6.59622e-05
angry,6.51465e-05
crew,6.43976e-05
deep,6.49282e-05
accident,6.35668e-05
male,6.79149e-05
meal,6.53618e-05
hearing,6.53739e-05
traffic,6.45734e-05
muscle,6.64989e-05
notion,6.61047e-05
capture,6.37305e-05
prefer,6.35122e-05
truly,6.23903e-05
earth,6.47372e-05
Japanese,6.61017e-05
chest,6.82485e-05
search,6.35031e-05
thick,6.65019e-05
cash,6.4716e-05
museum,6.58439e-05
beauty,6.38579e-05
emergency,6.30574e-05
unique,6.4998e-05
feature,6.57317e-05
internal,6.67839e-05
ethnic,6.86244e-05
link,6.46917e-05
stress,6.61411e-05
content,6.61653e-05
select,6.55468e-05
root,6.29906e-05
nose,6.65201e-05
declare,6.23114e-05
outside,6.53618e-05
appreciate,6.30877e-05
actual,6.46493e-05
bottle,6.54012e-05
hardly,6.29391e-05
setting,6.67202e-05
launch,6.29694e-05
dress,6.47736e-05
file,6.31665e-05
sick,6.33909e-05
outcome,6.88943e-05
ad,6.387e-05
defend,6.21901e-05
matter,6.22629e-05
judge,6.1614e-05
duty,6.12623e-05
sheet,6.30301e-05
ought,6.53497e-05
ensure,6.47099e-05
Catholic,6.32696e-05
extremely,6.15837e-05
extent,6.58803e-05
component,6.69658e-05
mix,6.25904e-05
long-term,6.31938e-05
slow,6.18687e-05
contrast,6.54376e-05
zone,6.20749e-05
wake,6.46765e-05
challenge,6.21901e-05
airport,6.33636e-05
chief,6.20173e-05
brown,6.42066e-05
standard,6.34242e-05
shirt,6.51496e-05
pilot,6.12259e-05
warn,6.06316e-05
ultimately,6.18172e-05
cat,6.40853e-05
contribution,6.34091e-05
capacity,6.39852e-05
ourselves,6.04194e-05
estate,6.26844e-05
guide,6.26025e-05
circumstance,6.15837e-05
snow,6.37093e-05
English,6.13563e-05
politician,6.17353e-05
steal,6.15413e-05
pursue,6.10561e-05
slip,6.43824e-05
percentage,6.29906e-05
meat,6.14655e-05
funny,6.18536e-05
neither,6.0947e-05
soil,6.34212e-05
influence,6.50343e-05
surgery,6.10015e-05
correct,6.25025e-05
Jewish,6.1238e-05
blame,6.00312e-05
estimate,6.2081e-05
due,6.41035e-05
basketball,6.35395e-05
late,5.98159e-05
golf,6.36122e-05
investigate,6.09985e-05
crazy,6.16898e-05
significantly,6.68233e-05
chain,5.96977e-05
address,5.93217e-05
branch,5.95309e-05
combination,6.07226e-05
just,6.09348e-05
frequently,6.21841e-05
governor,6.30755e-05
relief,5.91064e-05
user,6.27087e-05
dad,6.1141e-05
kick,6.09227e-05
part,6.03405e-05
manner,6.06801e-05
ancient,6.00919e-05
silence,6.41884e-05
rating,6.1896e-05
golden,6.0195e-05
motion,5.95794e-05
German,6.09348e-05
gender,6.72842e-05
solve,5.91307e-05
fee,6.14412e-05
landscape,6.11622e-05
used,5.80057e-05
bowl,6.2651e-05
equal,6.04982e-05
long,5.82999e-05
official,5.95158e-05
forth,5.92216e-05
frame,6.06922e-05
typical,5.98068e-05
except,5.94127e-05
conservative,5.99706e-05
eliminate,5.99554e-05
host,5.87911e-05
hall,6.13593e-05
trust,5.90731e-05
ocean,5.88881e-05
score,6.18293e-05
row,5.91853e-05
producer,5.96704e-05
afford,5.77177e-05
meanwhile,5.91398e-05
regime,6.39822e-05
division,5.99524e-05
confirm,5.86031e-05
fix,5.86698e-05
appeal,5.93126e-05
mirror,6.08893e-05
tooth,6.22053e-05
smart,5.87335e-05
length,5.95036e-05
entirely,5.7839e-05
rely,5.94733e-05
topic,6.25843e-05
complain,5.79208e-05
issue,5.85212e-05
variable,6.934e-05
back,5.82574e-05
range,6.08469e-05
telephone,5.85546e-05
perception,6.39367e-05
attract,5.82089e-05
confidence,5.74751e-05
bedroom,6.18172e-05
secret,5.79906e-05
debt,5.91458e-05
rare,5.75448e-05
his,5.96219e-05
tank,5.80906e-05
nurse,5.87789e-05
coverage,5.91943e-05
opposition,6.01798e-05
aside,5.77813e-05
anywhere,5.75206e-05
bond,6.02071e-05
file,5.88729e-05
pleasure,5.79117e-05
master,5.72477e-05
era,5.82453e-05
requirement,6.17293e-05
check,5.6896e-05
stand,5.73386e-05
fun,5.7563e-05
expectation,5.944e-05
wing,5.76964e-05
separate,5.78056e-05
now,5.79936e-05
clear,5.7651e-05
struggle,5.7654e-05
mean,6.0013e-05
somewhat,5.70081e-05
pour,5.85212e-05
stir,6.11713e-05
judgment,5.85667e-05
clean,5.6902e-05
except,5.71779e-05
beer,5.86698e-05
English,5.67595e-05
reference,5.93065e-05
tear,6.00949e-05
doubt,5.62228e-05
grant,5.63926e-05
seriously,5.55739e-05
account,5.88335e-05
minister,5.80785e-05
totally,5.67625e-05
hero,5.56346e-05
industrial,5.88638e-05
cloud,5.82604e-05
stretch,5.7654e-05
winner,5.82665e-05
volume,5.75782e-05
travel,5.65018e-05
seed,5.78511e-05
surprised,5.70718e-05
rest,5.73538e-05
fashion,5.60439e-05
pepper,6.13108e-05
separate,5.53404e-05
busy,5.60955e-05
intervention,6.37396e-05
copy,5.53192e-05
tip,5.72113e-05
below,5.56497e-05
cheap,5.57043e-05
aim,5.51676e-05
cite,5.76449e-05
welfare,5.93702e-05
vegetable,5.87122e-05
gray,5.88487e-05
dish,5.72689e-05
beach,5.59469e-05
improvement,5.75418e-05
everywhere,5.49614e-05
opening,5.47552e-05
overall,5.77055e-05
divide,5.56012e-05
initial,5.76692e-05
terrible,5.65776e-05
oppose,5.60469e-05
contemporary,5.85e-05
route,5.55284e-05
multiple,5.9164e-05
essential,5.77025e-05
question,5.43489e-05
league,5.99342e-05
criminal,5.5865e-05
careful,5.42307e-05
core,5.63107e-05
upper,5.51737e-05
rush,5.62804e-05
necessarily,5.55921e-05
specifically,5.72265e-05
tired,5.63896e-05
rise,5.47461e-05
tie,5.39335e-05
employ,5.73447e-05
holiday,5.5486e-05
dance,5.53768e-05
vast,5.40821e-05
resolution,5.7375e-05
household,5.59438e-05
fewer,5.52555e-05
abortion,5.73841e-05
apart,5.41912e-05
witness,5.7369e-05
match,5.39365e-05
barely,5.61955e-05
sector,5.79239e-05
representative,5.51524e-05
lack,5.52313e-05
beneath,5.77541e-05
beside,6.04982e-05
black,5.59166e-05
incident,5.42155e-05
limited,5.61925e-05
proud,5.40972e-05
flow,5.60015e-05
faculty,6.09591e-05
increased,5.7563e-05
waste,5.78208e-05
merely,5.48644e-05
mass,5.49038e-05
emphasize,5.74084e-05
experiment,5.59135e-05
definitely,5.52282e-05
bomb,5.54405e-05
enormous,5.30087e-05
tone,5.44399e-05
liberal,5.52707e-05
massive,5.32179e-05
engineer,5.45521e-05
wheel,5.54769e-05
female,5.74054e-05
decline,5.47552e-05
invest,5.48219e-05
promise,5.25842e-05
cable,5.54193e-05
towards,5.55042e-05
expose,5.33089e-05
rural,5.65958e-05
AIDS,5.87759e-05
Jew,5.42549e-05
narrow,5.40942e-05
cream,5.59226e-05
secretary,5.43428e-05
gate,5.45763e-05
solid,5.35939e-05
hill,5.49766e-05
typically,5.53495e-05
noise,5.46521e-05
grass,5.50008e-05
unfortunately,5.30087e-05
hat,5.51797e-05
legislation,5.43792e-05
succeed,5.28298e-05
either,5.23264e-05
celebrate,5.28237e-05
achievement,5.76055e-05
fishing,5.48917e-05
drink,5.52677e-05
accuse,5.39062e-05
hand,5.52798e-05
useful,5.5201e-05
land,5.27631e-05
secret,5.2472e-05
reject,5.35363e-05
talent,5.29844e-05
taste,5.27873e-05
characteristic,5.94945e-05
milk,5.40093e-05
escape,5.21384e-05
cast,5.20414e-05
sentence,5.20384e-05
unusual,5.15381e-05
closely,5.22143e-05
convince,5.13895e-05
height,5.27691e-05
physician,5.36909e-05
assess,5.82786e-05
sleep,5.42216e-05
plenty,5.28965e-05
ride,5.35302e-05
virtually,5.28389e-05
first,5.25539e-05
addition,5.34908e-05
sharp,5.27691e-05
creative,5.33574e-05
lower,5.21718e-05
behind,5.25993e-05
approve,5.25448e-05
explanation,5.37061e-05
outside,5.09316e-05
gay,5.28449e-05
campus,5.31876e-05
proper,5.16199e-05
live,5.26539e-05
guilty,5.33544e-05
living,5.10105e-05
acquire,5.28662e-05
compete,5.23477e-05
technical,5.33483e-05
plus,5.21597e-05
mind,5.26933e-05
potential,5.3133e-05
immigrant,5.3412e-05
weak,5.04192e-05
illegal,5.23295e-05
hi,5.73386e-05
alternative,5.21445e-05
interaction,5.80482e-05
column,5.09711e-05
personality,5.1344e-05
signal,5.10469e-05
curriculum,5.81968e-05
list,5.15654e-05
honor,5.05951e-05
passenger,5.1344e-05
assistance,5.27479e-05
forever,5.12136e-05
fun,5.1341e-05
regard,5.12136e-05
Israeli,5.44793e-05
association,5.38486e-05
twenty,5.3036e-05
knock,5.19899e-05
review,5.12925e-05
wrap,5.17685e-05
lab,5.0025e-05
offer,5.03707e-05
display,5.09589e-05
criticism,5.16958e-05
asset,5.14774e-05
depression,5.14744e-05
spiritual,5.17716e-05
musical,5.1338e-05
journalist,5.11166e-05
prayer,4.94125e-05
suspect,4.91032e-05
scholar,5.30087e-05
warning,4.91366e-05
climate,5.21203e-05
cheese,5.28086e-05
observation,5.30633e-05
childhood,4.93276e-05
payment,5.06496e-05
sir,5.37698e-05
permit,5.08316e-05
cigarette,5.20323e-05
definition,5.30602e-05
priority,5.02918e-05
bread,5.05951e-05
creation,5.14471e-05
graduate,5.09498e-05
request,4.92457e-05
emotion,4.8703e-05
scream,5.25842e-05
dramatic,4.92215e-05
universe,5.03222e-05
gap,4.91699e-05
excellent,4.88e-05
deeply,4.80541e-05
prosecutor,5.23355e-05
mark,4.84331e-05
green,5.0868e-05
lucky,5.01827e-05
drag,5.0592e-05
airline,5.20445e-05
library,4.94671e-05
agenda,4.98764e-05
recover,4.78661e-05
factory,4.92427e-05
selection,5.06557e-05
primarily,5.15927e-05
roof,5.00917e-05
unable,4.82148e-05
expense,4.93458e-05
initiative,4.98643e-05
diet,5.1344e-05
arrest,4.91366e-05
funding,4.93701e-05
therapy,4.95793e-05
wash,4.94671e-05
schedule,4.84756e-05
sad,4.90092e-05
brief,4.78176e-05
housing,4.9737e-05
post,4.75841e-05
purchase,4.8709e-05
existing,5.0498e-05
dark,5.11378e-05
steel,4.84604e-05
regarding,5.22143e-05
shout,5.22719e-05
remaining,4.84907e-05
visual,5.25053e-05
fairly,4.76084e-05
chip,4.90062e-05
violent,4.78024e-05
silent,5.09468e-05
suppose,5.02191e-05
self,5.06618e-05
bike,5.2475e-05
tea,4.9646e-05
perceive,5.2093e-05
comparison,5.0968e-05
settlement,4.90365e-05
layer,4.9273e-05
planning,4.9831e-05
far,4.85332e-05
description,4.97733e-05
later,4.77084e-05
slow,4.74022e-05
slide,5.09559e-05
widely,4.8515e-05
wedding,4.79965e-05
inform,4.76811e-05
portion,4.75356e-05
territory,4.80025e-05
immediate,4.75447e-05
opponent,4.79176e-05
abandon,4.64622e-05
link,4.77206e-05
mass,4.833e-05
lake,4.80177e-05
transform,4.7954e-05
tension,4.73446e-05
display,4.72263e-05
leading,4.74992e-05
bother,4.81208e-05
consist,5.04798e-05
alcohol,4.8142e-05
enable,4.94034e-05
bend,4.93792e-05
saving,4.82633e-05
gain,4.79753e-05
desert,4.74628e-05
shall,4.85059e-05
error,4.84543e-05
release,4.71202e-05
cop,4.92063e-05
Arab,5.07345e-05
double,4.61893e-05
walk,4.73991e-05
sand,4.7478e-05
Spanish,4.70353e-05
rule,4.64228e-05
hit,4.78055e-05
print,4.74052e-05
preserve,4.70808e-05
passage,4.76114e-05
formal,4.87515e-05
transition,4.86909e-05
existence,4.8421e-05
album,4.81178e-05
participation,5.21142e-05
arrange,4.62651e-05
atmosphere,4.64228e-05
joint,4.68291e-05
reply,4.9461e-05
cycle,4.78327e-05
opposite,4.71626e-05
lock,4.73506e-05
whole,4.71748e-05
deserve,4.5313e-05
consistent,4.95277e-05
resistance,4.75629e-05
discovery,4.65683e-05
tear,4.72263e-05
exposure,4.84513e-05
pose,4.61802e-05
stream,4.66957e-05
sale,4.65471e-05
trust,4.59983e-05
benefit,4.67684e-05
pot,4.67169e-05
grand,4.7481e-05
mine,4.78904e-05
hello,5.03343e-05
coalition,4.7666e-05
tale,4.54949e-05
knife,4.78843e-05
resolve,4.62712e-05
racial,4.75659e-05
phase,4.86514e-05
present,4.62924e-05
joke,4.63439e-05
coat,4.85453e-05
Mexican,4.70413e-05
symptom,4.81693e-05
contact,4.65714e-05
manufacturer,4.77297e-05
philosophy,4.77448e-05
potato,4.71839e-05
interview,4.75659e-05
foundation,4.63106e-05
quote,4.67412e-05
online,4.80541e-05
pass,4.72991e-05
negotiation,4.75447e-05
good,4.62681e-05
urge,4.51614e-05
occasion,4.48521e-05
dust,4.69231e-05
breathe,4.7948e-05
elect,4.65441e-05
investigator,4.62651e-05
jacket,4.75811e-05
glad,4.71687e-05
ordinary,4.48036e-05
reduction,4.80965e-05
rarely,4.5216e-05
shift,4.58285e-05
pack,4.59952e-05
suicide,4.59225e-05
numerous,4.66623e-05
touch,4.52978e-05
substance,4.82391e-05
discipline,4.75568e-05
elsewhere,4.51311e-05
iron,4.56132e-05
practical,4.64016e-05
moreover,4.90092e-05
passion,4.4367e-05
volunteer,4.53554e-05
implement,4.8891e-05
essentially,4.55434e-05
gene,4.66259e-05
enforcement,4.56405e-05
vs,4.85241e-05
sauce,4.82209e-05
independence,4.62681e-05
marketing,4.62681e-05
priest,4.51462e-05
amazing,4.58588e-05
intense,4.38212e-05
advance,4.44064e-05
employer,4.50158e-05
shock,4.41213e-05
inspire,4.47884e-05
adjust,4.41608e-05
retire,4.54191e-05
sure,4.50401e-05
visible,4.45459e-05
kiss,4.89031e-05
illness,4.4652e-05
cap,4.44882e-05
habit,4.39697e-05
competitive,4.52948e-05
juice,4.66593e-05
congressional,4.52887e-05
involvement,4.74234e-05
dominate,4.47793e-05
previously,4.57618e-05
whenever,4.39182e-05
transfer,4.45307e-05
analyze,4.72627e-05
another,4.37878e-05
attach,4.41244e-05
for,4.42517e-05
Indian,4.55465e-05
disaster,4.45246e-05
parking,4.53918e-05
prospect,4.40304e-05
boss,4.42305e-05
complaint,4.41213e-05
championship,4.85392e-05
coach,4.82421e-05
exercise,4.47733e-05
fundamental,4.60862e-05
severe,4.42972e-05
enhance,4.66744e-05
mystery,4.30904e-05
impose,4.5122e-05
poverty,4.51523e-05
other,4.29509e-05
entry,4.44003e-05
fat,4.49552e-05
spending,4.53767e-05
king,4.37999e-05
evaluate,4.78479e-05
symbol,4.42578e-05
still,4.33845e-05
trade,4.43427e-05
maker,4.42275e-05
mood,4.31389e-05
accomplish,4.34361e-05
emphasis,4.65046e-05
illustrate,4.57587e-05
boot,4.55829e-05
monitor,4.39637e-05
Asian,4.50977e-05
entertainment,4.43154e-05
bean,4.54707e-05
evaluation,4.91608e-05
creature,4.5034e-05
commander,4.37393e-05
digital,4.56283e-05
arrangement,4.36726e-05
concentrate,4.29206e-05
total,4.41456e-05
usual,4.33754e-05
anger,4.31814e-05
psychological,4.62378e-05
heavily,4.23415e-05
peak,4.39091e-05
approximately,4.60043e-05
increasing,4.51371e-05
disorder,4.48157e-05
missile,4.59285e-05
equally,4.36301e-05
vary,4.53433e-05
wire,4.33906e-05
round,4.4085e-05
distribution,4.62378e-05
transportation,4.40152e-05
holy,4.27235e-05
ring,4.4746e-05
twin,4.43002e-05
command,4.25173e-05
commission,4.35756e-05
interpretation,4.73415e-05
breakfast,4.36544e-05
stop,4.28054e-05
strongly,4.38424e-05
engineering,4.50371e-05
luck,4.30146e-05
so-called,4.26477e-05
constant,4.26598e-05
race,4.31571e-05
clinic,4.24991e-05
veteran,4.35604e-05
smell,4.61317e-05
tablespoon,4.79207e-05
capable,4.22475e-05
nervous,4.27538e-05
tourist,4.21322e-05
light,4.46338e-05
toss,4.41638e-05
crucial,4.31601e-05
bury,4.25416e-05
pray,4.24688e-05
tomato,4.50704e-05
exception,4.2863e-05
butter,4.48157e-05
deficit,4.55071e-05
bathroom,4.46489e-05
objective,4.58072e-05
block,4.15046e-05
electronic,4.26234e-05
ally,4.25264e-05
journey,4.12347e-05
reputation,4.14833e-05
mixture,4.50462e-05
surely,4.21595e-05
tower,4.22929e-05
smoke,4.34421e-05
confront,4.17138e-05
pure,4.1453e-05
glance,4.85392e-05
dimension,4.53767e-05
toy,4.22535e-05
prisoner,4.22323e-05
fellow,4.11923e-05
smooth,4.28994e-05
nearby,4.19048e-05
peer,4.46884e-05
designer,4.30874e-05
personnel,4.27387e-05
shape,4.20231e-05
educator,4.68382e-05
relative,4.10588e-05
immigration,4.40455e-05
belt,4.1923e-05
teaspoon,4.78085e-05
birthday,4.17138e-05
implication,4.48491e-05
perfectly,4.1453e-05
coast,4.098e-05
supporter,4.23596e-05
accompany,4.14379e-05
silver,4.25507e-05
teenager,4.12832e-05
recognition,4.32056e-05
retirement,4.23415e-05
flag,4.14045e-05
recovery,4.15501e-05
whisper,4.66441e-05
watch,4.24385e-05
gentleman,4.44155e-05
corn,4.16592e-05
moon,4.23263e-05
inner,4.1071e-05
junior,4.18351e-05
rather,4.12711e-05
throat,4.45155e-05
salary,4.21019e-05
swing,4.34118e-05
observer,4.18624e-05
due,4.01825e-05
straight,4.08557e-05
publication,4.25871e-05
pretty,4.2302e-05
crop,4.1641e-05
dig,4.13378e-05
strike,4.14985e-05
permanent,4.0601e-05
plant,4.10134e-05
phenomenon,4.27144e-05
anxiety,4.27174e-05
unlike,4.01704e-05
wet,4.23384e-05
literally,4.07071e-05
resist,4.0419e-05
convention,4.39576e-05
embrace,3.99733e-05
supply,4.06283e-05
assist,4.16865e-05
exhibition,4.24112e-05
construct,4.31601e-05
viewer,4.08708e-05
pan,4.28994e-05
consultant,4.13772e-05
soon,4.1077e-05
line,4.05494e-05
administrator,4.26265e-05
date,4.01189e-05
occasionally,4.03918e-05
mayor,4.21565e-05
consideration,4.25931e-05
CEO,4.23172e-05
secure,3.99673e-05
pink,4.19928e-05
smoke,4.07465e-05
estimate,4.15955e-05
buck,4.15197e-05
historic,4.09557e-05
poem,4.1547e-05
grandmother,4.145e-05
bind,3.97489e-05
fifth,3.98733e-05
constantly,3.95185e-05
enterprise,4.10619e-05
favor,4.0131e-05
testing,4.16168e-05
stomach,4.19806e-05
apparent,4.07344e-05
weigh,3.95731e-05
install,4.11892e-05
sensitive,3.97671e-05
suggestion,3.98581e-05
mail,3.94912e-05
recipe,4.19655e-05
reasonable,3.98126e-05
preparation,4.10952e-05
wooden,4.09891e-05
elementary,4.19382e-05
concert,4.02371e-05
aggressive,3.99976e-05
false,3.90273e-05
intention,4.00461e-05
channel,3.93426e-05
extreme,3.96125e-05
tube,4.05221e-05
drawing,4.05616e-05
protein,4.25598e-05
quit,3.95549e-05
absence,4.12286e-05
roll,3.95791e-05
Latin,4.18351e-05
rapidly,3.96186e-05
jail,4.04009e-05
comment,3.92062e-05
diversity,4.20625e-05
honest,3.91637e-05
Palestinian,4.24749e-05
pace,3.90879e-05
employment,4.14591e-05
speaker,3.90819e-05
impression,3.86483e-05
essay,4.18502e-05
respondent,4.56556e-05
giant,3.93062e-05
cake,4.04372e-05
historian,4.07435e-05
negotiate,3.95488e-05
restore,3.88544e-05
substantial,4.05585e-05
pop,3.97914e-05
particular,4.02038e-05
specialist,3.95427e-05
origin,4.14015e-05
approval,3.87968e-05
mine,3.88848e-05
quietly,4.09436e-05
advise,3.85361e-05
conventional,4.00522e-05
drop,3.86816e-05
count,3.94397e-05
depth,3.91971e-05
wealth,3.90728e-05
disability,4.3048e-05
shell,3.9288e-05
general,4.01947e-05
criticize,3.91334e-05
fast,3.8624e-05
professional,4.06374e-05
effectively,4.02583e-05
biological,4.01249e-05
pack,4.01401e-05
onion,4.17502e-05
deputy,3.93335e-05
flat,3.91122e-05
brand,3.97307e-05
assure,3.80297e-05
mad,3.91243e-05
award,3.90364e-05
criteria,4.29358e-05
dealer,3.94154e-05
via,3.96125e-05
alternative,4.02947e-05
utility,3.98733e-05
precisely,3.90485e-05
arise,4.04827e-05
armed,3.93153e-05
nevertheless,3.99945e-05
highway,3.83541e-05
clinical,4.12165e-05
routine,3.81328e-05
schedule,3.90576e-05
wage,3.95185e-05
normally,3.76052e-05
phrase,3.80782e-05
ingredient,4.05767e-05
stake,3.82146e-05
Muslim,3.98642e-05
dream,3.90758e-05
fiber,4.12559e-05
activist,3.8621e-05
Islamic,4.03978e-05
snap,4.05161e-05
terrorism,4.18624e-05
refugee,3.94487e-05
incorporate,4.03584e-05
hip,3.9003e-05
ultimate,3.80297e-05
switch,3.79266e-05
corporation,3.82419e-05
valuable,3.82905e-05
assumption,4.07344e-05
gear,3.90303e-05
graduate,3.78417e-05
barrier,3.87271e-05
minor,3.74354e-05
provision,4.01947e-05
killer,3.82995e-05
assign,3.89211e-05
gang,3.83935e-05
developing,3.99369e-05
classic,3.82359e-05
chemical,3.84269e-05
wave,4.11377e-05
label,3.78932e-05
teen,3.83966e-05
index,3.86634e-05
vacation,3.76719e-05
advocate,3.80994e-05
draft,3.84603e-05
extraordinary,3.74657e-05
heaven,3.77841e-05
rough,3.7493e-05
yell,3.98156e-05
pregnant,3.73838e-05
distant,3.80297e-05
drama,3.75779e-05
satellite,3.77143e-05
personally,3.73474e-05
wonder,3.71898e-05
clock,3.7584e-05
chocolate,3.84542e-05
Italian,3.75506e-05
Canadian,3.88726e-05
ceiling,3.84117e-05
sweep,3.76931e-05
advertising,3.82086e-05
universal,3.81752e-05
spin,3.84269e-05
house,3.71989e-05
button,3.806e-05
bell,3.76628e-05
rank,3.71018e-05
darkness,4.02523e-05
ahead,3.67653e-05
clothing,3.66228e-05
super,3.81631e-05
yield,3.83086e-05
fence,3.75688e-05
portrait,3.74172e-05
paint,3.84269e-05
survival,3.7402e-05
roughly,3.69927e-05
lawsuit,3.83754e-05
bottom,3.68987e-05
testimony,3.84451e-05
bunch,3.70685e-05
beat,3.97762e-05
wind,3.655e-05
found,3.75263e-05
burden,3.655e-05
react,3.60042e-05
chamber,3.64893e-05
furniture,3.77841e-05
cooperation,3.89121e-05
string,3.63074e-05
ceremony,3.61528e-05
communicate,3.6929e-05
taste,3.759e-05
cheek,4.06647e-05
lost,3.60406e-05
profile,3.66561e-05
mechanism,3.92608e-05
disagree,3.72353e-05
like,4.01401e-05
penalty,3.73262e-05
match,3.6462e-05
ie,4.16137e-05
advance,3.6556e-05
resort,3.75354e-05
destruction,3.74657e-05
bear,3.69745e-05
unlikely,3.5989e-05
tissue,3.74232e-05
constitutional,3.81055e-05
pant,3.77719e-05
stranger,3.71776e-05
infection,3.76052e-05
cabinet,3.59193e-05
broken,3.66804e-05
apple,3.69078e-05
electric,3.64075e-05
proceed,3.58041e-05
track,3.56979e-05
bet,3.66258e-05
literary,3.8815e-05
virus,3.67077e-05
stupid,3.78023e-05
dispute,3.70018e-05
fortune,3.58253e-05
strategic,3.74384e-05
assistant,3.58647e-05
overcome,3.57828e-05
remarkable,3.5425e-05
occupy,3.56464e-05
statistics,3.6647e-05
shopping,3.62559e-05
cousin,3.68562e-05
encounter,3.63074e-05
wipe,3.77052e-05
initially,3.64529e-05
blind,3.64014e-05
white,3.58253e-05
port,3.60618e-05
honor,3.53341e-05
electricity,3.62468e-05
genetic,3.65955e-05
adviser,3.67258e-05
pay,3.60315e-05
spokesman,3.84754e-05
retain,3.65106e-05
latter,3.79842e-05
incentive,3.67046e-05
slave,3.59708e-05
chemical,3.64044e-05
translate,3.55433e-05
accurate,3.59072e-05
whereas,3.84117e-05
terror,3.74232e-05
though,3.66076e-05
expansion,3.655e-05
elite,3.73838e-05
Olympic,3.96367e-05
dirt,3.65773e-05
odd,3.59284e-05
rice,3.62164e-05
bullet,3.54948e-05
tight,3.52977e-05
Bible,3.49884e-05
chart,3.59648e-05
solar,3.67531e-05
decline,3.62528e-05
conservative,3.62073e-05
process,3.62043e-05
square,3.52643e-05
stick,3.57646e-05
concentration,3.68289e-05
complicated,3.42819e-05
gently,3.70927e-05
champion,3.71352e-05
scenario,3.56191e-05
telescope,3.86725e-05
reflection,3.60284e-05
revolution,3.57798e-05
strip,3.50005e-05
interpret,3.73596e-05
friendly,3.44456e-05
tournament,3.84603e-05
fiction,3.54796e-05
detect,3.5707e-05
balance,3.49793e-05
likely,3.50248e-05
tremendous,3.54099e-05
lifetime,3.42425e-05
recommendation,3.58526e-05
flow,3.44608e-05
senator,3.66622e-05
market,3.5325e-05
hunting,3.66895e-05
salad,3.66986e-05
guarantee,3.46579e-05
innocent,3.49611e-05
boundary,3.66349e-05
pause,3.8154e-05
remote,3.44032e-05
satisfaction,3.71049e-05
journal,3.59284e-05
bench,3.53735e-05
lover,3.48671e-05
raw,3.4294e-05
awareness,3.64257e-05
surprising,3.43456e-05
withdraw,3.44214e-05
general,3.43971e-05
deck,3.58708e-05
similarly,3.6932e-05
newly,3.45305e-05
pole,3.47064e-05
testify,3.59102e-05
mode,3.67107e-05
dialogue,3.54948e-05
imply,3.65712e-05
naturally,3.42758e-05
mutual,3.50703e-05
founder,3.50824e-05
top,3.45578e-05
advanced,3.52522e-05
pride,3.36785e-05
dismiss,3.38392e-05
aircraft,3.51461e-05
delivery,3.43334e-05
mainly,3.44669e-05
bake,3.71534e-05
freeze,3.51612e-05
platform,3.39878e-05
finance,3.48732e-05
sink,3.51491e-05
attractive,3.37149e-05
respect,3.36057e-05
diverse,3.64317e-05
relevant,3.70291e-05
ideal,3.52007e-05
joy,3.38726e-05
worth,3.40727e-05
regularly,3.43516e-05
working,3.39605e-05
singer,3.4194e-05
evolve,3.46943e-05
shooting,3.52734e-05
partly,3.37543e-05
unknown,3.36421e-05
assistant,3.45396e-05
offense,3.54159e-05
counter,3.54038e-05
DNA,3.51127e-05
smell,3.67592e-05
potentially,3.45275e-05
transfer,3.58708e-05
thirty,3.52856e-05
justify,3.45942e-05
protest,3.39029e-05
crash,3.41121e-05
craft,3.5049e-05
treaty,3.54432e-05
terrorist,3.68987e-05
insight,3.51461e-05
possess,3.47913e-05
politically,3.43365e-05
tap,3.42e-05
lie,3.39575e-05
extensive,3.51127e-05
episode,3.35663e-05
double,3.39453e-05
swim,3.43911e-05
tire,3.4852e-05
fault,3.37058e-05
loose,3.42607e-05
free,3.30448e-05
shortly,3.29417e-05
originally,3.33389e-05
considerable,3.50036e-05
prior,3.56161e-05
intellectual,3.59072e-05
mix,3.4103e-05
assault,3.34723e-05
relax,3.39666e-05
stair,3.69047e-05
adventure,3.34481e-05
external,3.71746e-05
proof,3.26718e-05
confident,3.28416e-05
headquarters,3.37634e-05
sudden,3.4476e-05
dirty,3.36937e-05
violation,3.3821e-05
tongue,3.53977e-05
license,3.31812e-05
hold,3.33055e-05
shelter,3.30235e-05
rub,3.54614e-05
controversy,3.35178e-05
entrance,3.37209e-05
favorite,3.37604e-05
practice,3.29235e-05
properly,3.26961e-05
fade,3.44851e-05
defensive,3.46943e-05
tragedy,3.34723e-05
net,3.31054e-05
characterize,3.57768e-05
funeral,3.36148e-05
profession,3.47761e-05
alter,3.36755e-05
spot,3.37877e-05
constitute,3.62195e-05
establishment,3.44305e-05
squeeze,3.42031e-05
imagination,3.30903e-05
target,3.32328e-05
mask,3.39484e-05
convert,3.33237e-05
comprehensive,3.51794e-05
prominent,3.31964e-05
presentation,3.4482e-05
regardless,3.34814e-05
easy,3.27173e-05
load,3.25536e-05
stable,3.32449e-05
introduction,3.48186e-05
appeal,3.25808e-05
pretend,3.43547e-05
not,3.42485e-05
elderly,3.32813e-05
representation,3.65773e-05
deer,3.53705e-05
split,3.212e-05
violate,3.28143e-05
partnership,3.37028e-05
pollution,3.45548e-05
emission,3.54402e-05
steady,3.24899e-05
vital,3.29477e-05
neither,3.21018e-05
fate,3.19016e-05
earnings,3.43365e-05
oven,3.47307e-05
distinction,3.45154e-05
segment,3.28992e-05
nowhere,3.2317e-05
poet,3.28689e-05
mere,3.26809e-05
exciting,3.2126e-05
variation,3.4576e-05
comfort,3.23656e-05
radical,3.31236e-05
stress,3.32055e-05
adapt,3.33146e-05
Irish,3.28477e-05
honey,3.33813e-05
correspondent,3.64105e-05
pale,3.51673e-05
musician,3.20805e-05
significance,3.49308e-05
load,3.29568e-05
round,3.26597e-05
vessel,3.31115e-05
storage,3.30296e-05
flee,3.18622e-05
mm-hmm,4.17077e-05
leather,3.3824e-05
distribute,3.25869e-05
evolution,3.35542e-05
ill,3.16742e-05
tribe,3.29144e-05
shelf,3.25687e-05
can,3.2499e-05
grandfather,3.33631e-05
lawn,3.27931e-05
buyer,3.32115e-05
dining,3.2878e-05
wisdom,3.20229e-05
council,3.24292e-05
vulnerable,3.15256e-05
instance,3.30054e-05
garlic,3.47155e-05
capability,3.3069e-05
poetry,3.23565e-05
celebrity,3.26142e-05
gradually,3.19502e-05
stability,3.30539e-05
doubt,3.13892e-05
fantasy,3.16803e-05
scared,3.26021e-05
guide,3.19107e-05
plot,3.17894e-05
framework,3.55069e-05
gesture,3.25627e-05
depending,3.17197e-05
ongoing,3.25081e-05
psychology,3.43122e-05
since,3.13346e-05
counselor,3.69017e-05
witness,3.08616e-05
chapter,3.20775e-05
fellow,3.13498e-05
divorce,3.12982e-05
owe,3.07494e-05
pipe,3.16318e-05
athletic,3.27567e-05
slight,3.1838e-05
math,3.16257e-05
shade,3.23747e-05
tail,3.23322e-05
sustain,3.19896e-05
mount,3.12406e-05
obligation,3.19532e-05
angle,3.17045e-05
palm,3.33965e-05
differ,3.40272e-05
custom,3.1559e-05
store,3.16742e-05
economist,3.2217e-05
fifteen,3.25627e-05
soup,3.20532e-05
celebration,3.09556e-05
efficient,3.16924e-05
damage,3.08161e-05
composition,3.32358e-05
satisfy,3.09101e-05
pile,3.2123e-05
briefly,3.07009e-05
carbon,3.27446e-05
closer,3.02491e-05
consume,3.12558e-05
scheme,3.16196e-05
crack,3.13225e-05
frequency,3.42152e-05
tobacco,3.21412e-05
survivor,3.12831e-05
besides,3.19502e-05
in,3.03097e-05
psychologist,3.24383e-05
wealthy,3.04856e-05
galaxy,3.38362e-05
given,3.22079e-05
fund,3.09829e-05
ski,3.53432e-05
limitation,3.34693e-05
OK,3.25445e-05
trace,3.04219e-05
appointment,3.03006e-05
preference,3.28477e-05
meter,3.10678e-05
explosion,3.07706e-05
arrest,3.10799e-05
publicly,3.08343e-05
incredible,3.13589e-05
fighter,3.12497e-05
rapid,3.16166e-05
admission,3.14013e-05
hunter,3.28659e-05
educate,3.08404e-05
painful,3.00065e-05
friendship,3.07161e-05
aide,3.13376e-05
infant,3.09435e-05
calculate,3.17925e-05
fifty,3.19107e-05
rid,3.06372e-05
porch,3.30326e-05
tendency,3.22685e-05
uniform,3.09071e-05
formation,3.19987e-05
scholarship,3.12467e-05
reservation,3.09738e-05
efficiency,3.20775e-05
waste,3.01885e-05
qualify,3.05948e-05
mall,3.08949e-05
derive,3.30903e-05
scandal,3.15438e-05
PC,3.35724e-05
helpful,3.06857e-05
impress,3.00065e-05
heel,3.11951e-05
resemble,3.04735e-05
privacy,3.01885e-05
fabric,3.12922e-05
surprise,3.03916e-05
contest,3.03279e-05
proportion,3.19016e-05
guideline,3.12406e-05
rifle,3.09404e-05
maintenance,3.08282e-05
conviction,2.98185e-05
trick,3.04462e-05
organic,3.20563e-05
tent,3.06554e-05
examination,3.25111e-05
publisher,3.11769e-05
strengthen,3.0804e-05
French,2.98519e-05
proposed,3.11951e-05
myth,3.081e-05
sophisticated,2.99762e-05
cow,3.04189e-05
etc,3.06615e-05
standing,2.93849e-05
asleep,3.23959e-05
tennis,3.02764e-05
nerve,3.01187e-05
barrel,3.01733e-05
bombing,3.17227e-05
membership,3.11497e-05
ratio,3.17076e-05
menu,3.10435e-05
purchase,3.03249e-05
controversial,3.00732e-05
desperate,2.97003e-05
rate,3.10617e-05
lifestyle,3.00308e-05
humor,2.92727e-05
loud,3.13043e-05
glove,3.09829e-05
suspect,3.09404e-05
sufficient,3.11557e-05
narrative,3.32146e-05
photographer,2.95305e-05
helicopter,3.02794e-05
Catholic,3.01854e-05
modest,2.95517e-05
provider,3.09162e-05
delay,2.99216e-05
agricultural,3.19441e-05
explode,2.97791e-05
stroke,2.99914e-05
scope,3.06706e-05
punishment,3.02794e-05
handful,2.95183e-05
badly,2.92667e-05
horizon,2.98883e-05
curious,2.95274e-05
downtown,3.08434e-05
girlfriend,2.98125e-05
prompt,2.95365e-05
request,2.91666e-05
cholesterol,3.22655e-05
absorb,2.96002e-05
adjustment,3.12588e-05
taxpayer,3.06645e-05
eager,2.91909e-05
principal,3.00793e-05
detailed,3.03401e-05
motivation,3.20381e-05
assignment,2.99398e-05
restriction,3.01035e-05
across,2.97912e-05
Palestinian,3.17894e-05
laboratory,3.0237e-05
workshop,3.00975e-05
differently,2.90029e-05
auto,3.03401e-05
romantic,2.89907e-05
cotton,2.95153e-05
motor,3.02521e-05
sue,2.97063e-05
flavor,3.07555e-05
overlook,2.89665e-05
float,3.02673e-05
undergo,2.97943e-05
sequence,3.04462e-05
demonstration,2.95001e-05
jet,2.93819e-05
orange,2.9579e-05
consumption,3.08131e-05
assert,3.07009e-05
blade,3.15165e-05
temporary,2.86996e-05
medication,2.96821e-05
print,2.883e-05
cabin,3.01854e-05
bite,3.02673e-05
relative,3.118e-05
edition,2.92242e-05
valley,2.94365e-05
yours,3.0334e-05
pitch,2.90665e-05
pine,2.97882e-05
brilliant,2.87845e-05
versus,3.03431e-05
manufacturing,2.97821e-05
risk,2.81539e-05
Christian,2.95669e-05
complex,2.90271e-05
absolute,2.91757e-05
chef,3.07191e-05
discrimination,2.99337e-05
offensive,3.00247e-05
German,2.90665e-05
suit,2.8736e-05
boom,2.86754e-05
register,2.84692e-05
appoint,2.89301e-05
heritage,2.93212e-05
God,2.9394e-05
terrorist,3.15044e-05
dominant,3.07555e-05
successfully,2.94971e-05
shit,3.34966e-05
lemon,3.06099e-05
hungry,2.92697e-05
sense,2.94031e-05
dry,2.93455e-05
wander,2.97821e-05
submit,2.8827e-05
economics,2.95881e-05
naked,3.00096e-05
anticipate,2.83358e-05
nut,2.91242e-05
legacy,2.86875e-05
extension,2.93273e-05
shrug,3.2411e-05
fly,2.93789e-05
battery,2.96942e-05
arrival,2.82054e-05
legitimate,2.89362e-05
orientation,3.21806e-05
inflation,2.95881e-05
cope,3.01763e-05
flame,2.94607e-05
cluster,2.97791e-05
host,2.95638e-05
wound,2.85147e-05
dependent,3.04098e-05
shower,2.91818e-05
institutional,3.15256e-05
depict,2.94759e-05
operating,2.87451e-05
flesh,2.99186e-05
garage,2.90271e-05
operator,2.8354e-05
instructor,3.0055e-05
collapse,2.77839e-05
borrow,2.77445e-05
furthermore,3.13801e-05
comedy,2.90969e-05
mortgage,3.03886e-05
sanction,3.08161e-05
civilian,2.93637e-05
twelve,2.92242e-05
weekly,2.81902e-05
habitat,2.93061e-05
grain,2.88664e-05
brush,2.97336e-05
consciousness,2.95881e-05
devote,2.82782e-05
crack,2.83024e-05
measurement,3.08889e-05
province,2.87785e-05
ease,2.80386e-05
seize,2.76111e-05
ethics,2.89907e-05
nomination,2.94061e-05
permission,2.81933e-05
wise,2.75959e-05
actress,2.86481e-05
summit,2.91939e-05
acid,2.96305e-05
odds,2.75747e-05
gifted,3.31752e-05
frustration,2.73048e-05
medium,2.88755e-05
function,2.9018e-05
physically,2.74079e-05
grant,2.84177e-05
distinguish,2.93031e-05
shore,2.78688e-05
repeatedly,2.74686e-05
lung,2.79143e-05
firm,2.73988e-05
running,2.81114e-05
correct,2.72533e-05
distinct,2.93576e-05
artistic,2.85723e-05
discourse,3.20199e-05
basket,2.82479e-05
ah,2.9679e-05
fighting,2.81205e-05
impressive,2.75929e-05
competitor,2.84328e-05
ugly,2.80993e-05
worried,2.79416e-05
portray,2.79022e-05
powder,2.92272e-05
ghost,2.89998e-05
persuade,2.72836e-05
moderate,2.79568e-05
subsequent,2.97033e-05
continued,2.85086e-05
cookie,2.87451e-05
carrier,2.80508e-05
cooking,2.85117e-05
frequent,2.80993e-05
ban,2.7975e-05
swing,2.79386e-05
orange,2.79537e-05
awful,2.81993e-05
admire,2.73382e-05
pet,2.76475e-05
miracle,2.72321e-05
exceed,2.83873e-05
rhythm,2.732e-05
widespread,2.82569e-05
killing,2.76202e-05
lovely,2.82812e-05
sin,2.74352e-05
charity,2.74534e-05
script,2.70592e-05
tactic,2.72685e-05
identification,2.96942e-05
transformation,2.89907e-05
everyday,2.74868e-05
headline,2.81144e-05
crash,2.75959e-05
venture,2.81326e-05
invasion,2.85389e-05
military,2.81629e-05
nonetheless,2.77991e-05
adequate,2.85207e-05
piano,2.71926e-05
grocery,2.73412e-05
intensity,2.80113e-05
exhibit,2.86815e-05
high,2.65953e-05
blanket,2.84571e-05
margin,2.72715e-05
principal,2.79507e-05
quarterback,3.03643e-05
mouse,2.86511e-05
rope,2.81993e-05
concrete,2.68985e-05
prescription,2.78021e-05
African-American,2.76566e-05
chase,2.7229e-05
document,2.81205e-05
brick,2.74989e-05
recruit,2.73746e-05
patch,2.77597e-05
consensus,2.80477e-05
horror,2.69107e-05
recording,2.68834e-05
changing,2.74565e-05
painter,2.77536e-05
colonial,2.91939e-05
pie,2.73473e-05
sake,2.71502e-05
gaze,2.98731e-05
courage,2.64407e-05
pregnancy,2.71199e-05
swear,2.78385e-05
defeat,2.71229e-05
clue,2.64771e-05
reinforce,2.83358e-05
win,2.90605e-05
confusion,2.65347e-05
slice,2.83115e-05
occupation,2.76384e-05
dear,2.77475e-05
coal,2.70714e-05
sacred,2.73443e-05
criminal,2.6847e-05
formula,2.71836e-05
cognitive,3.08252e-05
collective,2.8454e-05
exact,2.62072e-05
uncle,2.83661e-05
square,2.70047e-05
captain,2.75535e-05
sigh,3.06221e-05
attribute,2.7981e-05
dare,2.73897e-05
okay,2.88027e-05
homeless,2.77415e-05
cool,2.7229e-05
gallery,2.71775e-05
soccer,2.79325e-05
defendant,2.79871e-05
tunnel,2.73625e-05
fitness,2.80811e-05
lap,2.8078e-05
grave,2.68894e-05
toe,2.74322e-05
container,2.71563e-05
virtue,2.76263e-05
abroad,2.66469e-05
architect,2.71957e-05
dramatically,2.64164e-05
makeup,2.7035e-05
inquiry,2.77021e-05
rose,2.72533e-05
surprisingly,2.63922e-05
highlight,2.76505e-05
decrease,2.8172e-05
indication,2.64255e-05
rail,2.67621e-05
anniversary,2.63073e-05
couch,2.79234e-05
alliance,2.7132e-05
hypothesis,2.99883e-05
boyfriend,2.65468e-05
compose,2.68834e-05
peer,2.75899e-05
mess,2.65165e-05
rank,2.69228e-05
legend,2.62587e-05
regulate,2.6853e-05
adolescent,3.20441e-05
shine,2.72412e-05
norm,2.83813e-05
upset,2.59858e-05
remark,2.56311e-05
resign,2.68864e-05
reward,2.62648e-05
gentle,2.65801e-05
related,2.7978e-05
organ,2.60647e-05
lightly,2.69652e-05
concerning,2.82873e-05
invent,2.56553e-05
laughter,2.73473e-05
fit,2.59252e-05
northwest,2.62284e-05
counseling,2.82084e-05
tight,2.7229e-05
receiver,2.69319e-05
ritual,2.69349e-05
insect,2.67257e-05
interrupt,2.65529e-05
salmon,2.68652e-05
favor,2.54795e-05
trading,2.66438e-05
concern,2.63861e-05
magic,2.57918e-05
superior,2.61738e-05
combat,2.63042e-05
stem,2.71775e-05
surgeon,2.58312e-05
acceptable,2.64498e-05
physics,2.78476e-05
rape,2.66529e-05
counsel,2.84631e-05
brush,2.67469e-05
jeans,2.68379e-05
hunt,2.67196e-05
continuous,2.72776e-05
log,2.6095e-05
echo,2.57038e-05
pill,2.58858e-05
excited,2.57463e-05
sculpture,2.62557e-05
compound,2.59949e-05
integrate,2.74716e-05
flour,2.7602e-05
bitter,2.53279e-05
bare,2.71168e-05
slope,2.59949e-05
rent,2.56098e-05
presidency,2.67257e-05
serving,2.86633e-05
subtle,2.55977e-05
greatly,2.62224e-05
bishop,2.61951e-05
drinking,2.56098e-05
delay,2.52672e-05
cry,2.62224e-05
acceptance,2.68955e-05
collapse,2.54613e-05
shop,2.58009e-05
pump,2.61284e-05
candy,2.61769e-05
evil,2.54431e-05
final,2.71805e-05
finance,2.59889e-05
pleased,2.57797e-05
medal,2.72624e-05
beg,2.59009e-05
sponsor,2.59009e-05
ethical,2.73443e-05
secondary,2.76566e-05
slam,2.75201e-05
export,2.73291e-05
experimental,2.73473e-05
melt,2.58736e-05
midnight,2.55917e-05
net,2.59646e-05
curve,2.54613e-05
integrity,2.56614e-05
entitle,2.54128e-05
evident,2.65407e-05
logic,2.62163e-05
essence,2.5434e-05
park,2.62284e-05
exclude,2.66226e-05
harsh,2.45365e-05
closet,2.60677e-05
suburban,2.56614e-05
greet,2.53703e-05
favor,2.534e-05
interior,2.53794e-05
corridor,2.68106e-05
murder,2.56584e-05
retail,2.60768e-05
pitcher,2.67894e-05
march,2.50671e-05
snake,2.58433e-05
pitch,2.61617e-05
excuse,2.64467e-05
cross,2.48852e-05
weakness,2.50913e-05
pig,2.51884e-05
cold,2.58555e-05
classical,2.56978e-05
estimated,2.56644e-05
T-shirt,2.54279e-05
online,2.6468e-05
unemployment,2.56857e-05
civilization,2.56129e-05
fold,2.61678e-05
patient,2.57857e-05
pop,2.52157e-05
daily,2.54855e-05
reverse,2.47245e-05
missing,2.4961e-05
correlation,2.90605e-05
humanity,2.50428e-05
flash,2.67287e-05
developer,2.62921e-05
reliable,2.51732e-05
excitement,2.47426e-05
beef,2.55189e-05
Islam,2.65468e-05
Roman,2.51641e-05
stretch,2.51217e-05
architecture,2.56189e-05
occasional,2.47487e-05
administrative,2.69713e-05
elbow,2.58827e-05
deadly,2.48518e-05
Muslim,2.57675e-05
Hispanic,2.63497e-05
allegation,2.63042e-05
tip,2.51671e-05
confuse,2.43939e-05
airplane,2.50277e-05
monthly,2.52733e-05
duck,2.52733e-05
dose,2.51399e-05
Korean,2.55947e-05
plead,2.4682e-05
initiate,2.61678e-05
lecture,2.51004e-05
van,2.53612e-05
sixth,2.4773e-05
bay,2.48912e-05
mainstream,2.4773e-05
suburb,2.50125e-05
sandwich,2.51611e-05
unlike,2.45698e-05
trunk,2.54704e-05
rumor,2.43272e-05
implementation,2.81781e-05
swallow,2.60253e-05
motivate,2.52399e-05
render,2.51308e-05
longtime,2.55886e-05
trap,2.43485e-05
restrict,2.52884e-05
cloth,2.51277e-05
seemingly,2.42878e-05
legislative,2.54219e-05
effectiveness,2.69531e-05
enforce,2.47487e-05
lens,2.52066e-05
reach,2.42029e-05
inspector,2.62345e-05
lend,2.41392e-05
plain,2.4303e-05
fraud,2.47912e-05
companion,2.46699e-05
contend,2.50125e-05
nail,2.50307e-05
array,2.47639e-05
strict,2.42969e-05
assemble,2.42454e-05
frankly,2.61374e-05
rat,2.47942e-05
burst,2.54491e-05
hallway,2.64316e-05
cave,2.50489e-05
inevitable,2.39209e-05
southwest,2.48336e-05
monster,2.47548e-05
speed,2.40634e-05
protest,2.38663e-05
unexpected,2.3739e-05
obstacle,2.44849e-05
facilitate,2.71259e-05
encounter,2.44788e-05
rip,2.47548e-05
herb,2.51035e-05
overwhelming,2.37451e-05
integration,2.68258e-05
crystal,2.43636e-05
recession,2.67105e-05
wish,2.36177e-05
top,2.47487e-05
written,2.53824e-05
motive,2.43454e-05
label,2.41635e-05
flood,2.4215e-05
pen,2.46123e-05
ownership,2.47942e-05
nightmare,2.39391e-05
notice,2.35358e-05
inspection,2.46456e-05
supervisor,2.44061e-05
consult,2.35843e-05
arena,2.42818e-05
laugh,2.47548e-05
diagnosis,2.56341e-05
possession,2.3736e-05
forgive,2.42666e-05
warm,2.41756e-05
consistently,2.45728e-05
basement,2.42211e-05
project,2.38663e-05
drift,2.52005e-05
drain,2.46305e-05
last,2.55159e-05
prosecution,2.71108e-05
maximum,2.44849e-05
announcement,2.38421e-05
warrior,2.41817e-05
prediction,2.42454e-05
bacteria,2.50337e-05
questionnaire,2.76626e-05
mud,2.43363e-05
infrastructure,2.41392e-05
hurry,2.64498e-05
privilege,2.4024e-05
temple,2.41029e-05
medium,2.60344e-05
outdoor,2.45637e-05
suck,2.48761e-05
and/or,2.5716e-05
broadcast,2.46517e-05
re,4.78267e-05
leap,2.53976e-05
random,2.37056e-05
past,2.4018e-05
wrist,2.50155e-05
curtain,2.48761e-05
monitor,2.38906e-05
pond,2.41696e-05
domain,2.62011e-05
guilt,2.34873e-05
cattle,2.37329e-05
subject,2.45213e-05
walking,2.37936e-05
playoff,2.66923e-05
minimum,2.42908e-05
fiscal,2.42727e-05
skirt,2.47639e-05
dump,2.33145e-05
hence,2.56766e-05
database,2.45425e-05
uncomfortable,2.32478e-05
aim,2.41756e-05
execute,2.32599e-05
limb,2.43121e-05
ideology,2.57281e-05
average,2.45789e-05
welcome,2.3645e-05
tune,2.40574e-05
continuing,2.37875e-05
harm,2.31022e-05
railroad,2.36389e-05
endure,2.30022e-05
radiation,2.39907e-05
horn,2.36905e-05
chronic,2.43667e-05
peaceful,2.336e-05
innovation,2.45577e-05
strain,2.33873e-05
guitar,2.33842e-05
replacement,2.34509e-05
behave,2.28809e-05
administer,2.46668e-05
simultaneously,2.41362e-05
dancer,2.32387e-05
amendment,2.46577e-05
guard,2.32235e-05
pad,2.37905e-05
transmission,2.3739e-05
await,2.2893e-05
retired,2.38603e-05
trigger,2.31356e-05
spill,2.3645e-05
grateful,2.30355e-05
grace,2.31477e-05
virtual,2.35783e-05
response,2.38572e-05
colony,2.37178e-05
adoption,2.4215e-05
slide,2.35904e-05
indigenous,2.66378e-05
closed,2.27414e-05
convict,2.40756e-05
civilian,2.39209e-05
towel,2.41908e-05
modify,2.72806e-05
particle,2.40301e-05
award,2.32447e-05
glance,2.46274e-05
prize,2.2799e-05
landing,2.31841e-05
conduct,2.37147e-05
blue,2.32599e-05
boost,2.38421e-05
bat,2.33296e-05
alarm,2.31386e-05
festival,2.35753e-05
grip,2.34206e-05
weird,2.33751e-05
undermine,2.35358e-05
freshman,2.37996e-05
sweat,2.43667e-05
outer,2.30992e-05
European,2.33115e-05
drunk,2.3924e-05
survey,2.29112e-05
research,2.30992e-05
separation,2.35298e-05
traditionally,2.33994e-05
stuff,2.33084e-05
govern,2.32508e-05
southeast,2.30113e-05
intelligent,2.23563e-05
wherever,2.23836e-05
ballot,2.79477e-05
rhetoric,2.35449e-05
convinced,2.24048e-05
driving,2.25534e-05
vitamin,2.50004e-05
enthusiasm,2.23412e-05
accommodate,2.29567e-05
praise,2.23745e-05
injure,2.29658e-05
wilderness,2.40028e-05
nearby,2.28778e-05
endless,2.2614e-05
mandate,2.336e-05
pause,2.4682e-05
excuse,2.24018e-05
respectively,2.49337e-05
uncertainty,2.32599e-05
chaos,2.21471e-05
short,2.27262e-05
mechanical,2.37572e-05
canvas,2.36359e-05
forty,2.33236e-05
matter,2.24261e-05
lobby,2.29112e-05
profound,2.26717e-05
format,2.39846e-05
trait,2.41968e-05
currency,2.35085e-05
turkey,2.35207e-05
reserve,2.29991e-05
beam,2.31204e-05
abuse,2.29051e-05
astronomer,2.47335e-05
corruption,2.2796e-05
contractor,2.31477e-05
apologize,2.26959e-05
doctrine,2.45031e-05
genuine,2.22441e-05
thumb,2.32235e-05
unity,2.36814e-05
compromise,2.26474e-05
horrible,2.28566e-05
behavioral,2.52278e-05
exclusive,2.24442e-05
scatter,2.26231e-05
commonly,2.3836e-05
convey,2.28293e-05
rush,2.2614e-05
twist,2.38785e-05
complexity,2.36905e-05
fork,2.34752e-05
disk,2.39482e-05
relieve,2.22926e-05
suspicion,2.17923e-05
lock,2.30598e-05
finish,2.29991e-05
residence,2.2232e-05
shame,2.22775e-05
meaningful,2.34054e-05
sidewalk,2.32508e-05
Olympics,2.43757e-05
technological,2.35904e-05
signature,2.22835e-05
pleasant,2.2514e-05
wow,2.4306e-05
suspend,2.19166e-05
rebel,2.28172e-05
frozen,2.26626e-05
desire,2.26019e-05
spouse,2.27717e-05
fluid,2.26322e-05
pension,2.32265e-05
resume,2.19621e-05
theoretical,2.52278e-05
sodium,2.42514e-05
hay,2.22077e-05
promotion,2.24867e-05
delicate,2.2232e-05
forehead,2.46305e-05
rebuild,2.26626e-05
bounce,2.25928e-05
electrical,2.22775e-05
hook,2.23836e-05
detective,2.25625e-05
traveler,2.22441e-05
click,2.289e-05
compensation,2.27778e-05
signal,2.17438e-05
exit,2.2235e-05
attraction,2.20743e-05
dedicate,2.19106e-05
altogether,2.1671e-05
pickup,2.24837e-05
carve,2.21168e-05
needle,2.23715e-05
belly,2.36025e-05
ship,2.20258e-05
scare,2.23381e-05
portfolio,2.32356e-05
shuttle,2.30234e-05
invisible,2.23017e-05
timing,2.22714e-05
engagement,2.3272e-05
ankle,2.24291e-05
transaction,2.24928e-05
rescue,2.17923e-05
counterpart,2.26929e-05
historically,2.2517e-05
firmly,2.17984e-05
mild,2.18651e-05
rider,2.25898e-05
doll,2.22896e-05
noon,2.2514e-05
exhibit,2.22138e-05
amid,2.20258e-05
identical,2.19743e-05
precise,2.18651e-05
anxious,2.15164e-05
structural,2.38633e-05
residential,2.24837e-05
loud,2.28657e-05
diagnose,2.19985e-05
carbohydrate,2.44303e-05
liberty,2.25655e-05
poster,2.14345e-05
theology,2.38512e-05
nonprofit,2.26868e-05
crawl,2.30325e-05
oxygen,2.18045e-05
handsome,2.27778e-05
magic,2.24837e-05
sum,2.18833e-05
provided,2.25322e-05
businessman,2.18014e-05
promising,2.14527e-05
conscious,2.16862e-05
determination,2.17408e-05
donor,2.19257e-05
hers,2.35601e-05
pastor,2.20137e-05
jazz,2.18924e-05
opera,2.2232e-05
Japanese,2.24958e-05
bite,2.17105e-05
frame,2.14163e-05
evil,2.13618e-05
acquisition,2.22502e-05
pit,2.16256e-05
hug,2.26747e-05
wildlife,2.23199e-05
punish,2.10889e-05
giant,2.15346e-05
primary,2.37208e-05
equity,2.20652e-05
wrong,2.13405e-05
doorway,2.39967e-05
departure,2.12496e-05
elevator,2.28475e-05
teenage,2.13163e-05
guidance,2.24351e-05
happiness,2.13345e-05
statue,2.14012e-05
pursuit,2.14376e-05
repair,2.14921e-05
decent,2.10858e-05
gym,2.19197e-05
oral,2.25837e-05
clerk,2.19348e-05
Israeli,2.3266e-05
envelope,2.19561e-05
reporting,2.17832e-05
destination,2.13436e-05
fist,2.34358e-05
endorse,2.17317e-05
exploration,2.21168e-05
generous,2.09433e-05
bath,2.16771e-05
rescue,2.15103e-05
thereby,2.30082e-05
overall,2.19075e-05
indicator,2.29658e-05
sunlight,2.22835e-05
feedback,2.3454e-05
spectrum,2.18803e-05
purple,2.18803e-05
laser,2.18226e-05
bold,2.10312e-05
reluctant,2.07462e-05
starting,2.15831e-05
expertise,2.18894e-05
practically,2.09645e-05
program,2.12708e-05
picture,2.15376e-05
tune,2.08827e-05
eating,2.14285e-05
age,2.12405e-05
volunteer,2.08129e-05
hint,2.10767e-05
sharply,2.11222e-05
parade,2.12556e-05
advocate,2.18257e-05
realm,2.20167e-05
ban,2.14376e-05
strip,2.09039e-05
cancel,2.10191e-05
blend,2.1947e-05
therapist,2.17408e-05
slice,2.21835e-05
peel,2.17772e-05
pizza,2.16195e-05
recipient,2.16074e-05
hesitate,2.26262e-05
flip,2.20561e-05
accounting,2.21926e-05
debate,2.10798e-05
bias,2.24018e-05
huh,2.29324e-05
metaphor,2.26231e-05
candle,2.18439e-05
handle,2.15316e-05
worry,2.06522e-05
judicial,2.18712e-05
entity,2.20622e-05
suffering,2.10889e-05
full-time,2.10585e-05
feel,2.10403e-05
lamp,2.21046e-05
garbage,2.10222e-05
servant,2.14194e-05
addition,2.13072e-05
regulatory,2.20561e-05
diplomatic,2.18105e-05
elegant,2.11465e-05
inside,2.10889e-05
reception,2.091e-05
vanish,2.16923e-05
automatically,2.06886e-05
chin,2.29991e-05
trail,2.13739e-05
necessity,2.14406e-05
confess,2.06644e-05
racism,2.13041e-05
starter,2.2702e-05
interior,2.10161e-05
banking,2.15892e-05
casual,2.10616e-05
gravity,2.12253e-05
enroll,2.1386e-05
diminish,2.08463e-05
prevention,2.22926e-05
Arab,2.18985e-05
value,2.12253e-05
minimize,2.16468e-05
chop,2.25959e-05
performer,2.091e-05
intent,2.08584e-05
isolate,2.09827e-05
pump,2.05127e-05
inventory,2.14982e-05
productive,2.12435e-05
assembly,2.09645e-05
civic,2.14921e-05
silk,2.16134e-05
magnitude,2.1574e-05
steep,2.11404e-05
hostage,2.6092e-05
collector,2.11525e-05
popularity,2.0728e-05
kiss,2.18166e-05
alien,2.16316e-05
dynamic,2.17559e-05
scary,2.0816e-05
equation,2.23533e-05
angel,2.11586e-05
switch,2.05613e-05
offering,2.07887e-05
rage,2.08523e-05
photography,2.14891e-05
repair,2.04066e-05
toilet,2.10403e-05
disappointed,2.03884e-05
precious,2.03642e-05
prohibit,2.091e-05
representative,2.12496e-05
content,2.15679e-05
realistic,2.05764e-05
Russian,2.08948e-05
hidden,2.05795e-05
command,2.02793e-05
tender,2.12647e-05
wake,2.01034e-05
gathering,2.02277e-05
outstanding,2.0628e-05
stumble,2.14558e-05
lonely,2.08251e-05
automobile,2.07068e-05
artificial,2.04066e-05
dawn,2.101e-05
abstract,2.17256e-05
descend,2.091e-05
silly,2.07917e-05
hook,2.06189e-05
tide,2.03096e-05
shared,2.14345e-05
hopefully,2.11829e-05
readily,2.11161e-05
cooperate,2.05067e-05
revolutionary,2.08796e-05
romance,2.03308e-05
hardware,2.10767e-05
pillow,2.15952e-05
kit,2.09585e-05
cook,2.0819e-05
spread,2.02732e-05
continent,2.04066e-05
seal,2.01944e-05
circuit,2.04582e-05
sink,2.1383e-05
ruling,2.10646e-05
shortage,2.05461e-05
annually,2.1007e-05
lately,2.03035e-05
trap,2.02975e-05
scan,2.08584e-05
fool,2.1195e-05
deadline,2.10191e-05
rear,2.09524e-05
processing,2.18924e-05
ranch,2.04945e-05
coastal,2.08614e-05
undertake,2.13587e-05
softly,2.2702e-05
reserve,2.01216e-05
burning,2.02095e-05
verbal,2.19136e-05
tribal,2.12101e-05
ridiculous,2.03005e-05
automatic,1.99518e-05
diamond,2.0446e-05
credibility,2.0443e-05
import,2.10555e-05
sexually,2.06371e-05
spring,2.02823e-05
way,2.00246e-05
divine,2.14042e-05
sentiment,2.01883e-05
cart,2.06856e-05
oversee,2.0537e-05
stem,2.0352e-05
elder,2.06431e-05
pro,2.0822e-05
inspiration,1.99639e-05
Dutch,2.02853e-05
quantity,2.07189e-05
trailer,2.03551e-05
mate,2.02944e-05
o'clock,2.11404e-05
Greek,2.01398e-05
genius,1.97365e-05
monument,2.0255e-05
bid,2.10858e-05
quest,2.00519e-05
sacrifice,1.99851e-05
invitation,1.95879e-05
accuracy,2.10494e-05
juror,2.27323e-05
officially,1.9594e-05
broker,2.101e-05
treasure,2.0158e-05
loyalty,2.00246e-05
credit,2.00458e-05
shock,1.9685e-05
talented,1.99639e-05
gasoline,2.03035e-05
stiff,2.03066e-05
output,2.13496e-05
nominee,2.16437e-05
extended,2.01368e-05
please,1.99063e-05
diabetes,2.14467e-05
slap,2.12708e-05
toxic,2.02307e-05
alleged,2.01883e-05
jaw,2.09888e-05
grief,1.99851e-05
mysterious,1.96607e-05
rocket,2.03824e-05
donate,2.00306e-05
inmate,2.03702e-05
tackle,2.01458e-05
dynamics,2.148e-05
bow,2.06189e-05
ours,1.94727e-05
senior,2.05218e-05
dignity,1.99669e-05
carpet,2.01883e-05
parental,2.19864e-05
bubble,1.99215e-05
heat,2.0164e-05
buddy,1.9873e-05
barn,2.05734e-05
sword,2.13132e-05
flash,2.044e-05
seventh,1.97608e-05
glory,1.95364e-05
tightly,2.01428e-05
protective,1.97183e-05
tuck,2.07614e-05
drum,1.94757e-05
faint,2.08796e-05
post,1.98851e-05
queen,2.00306e-05
dilemma,2.03247e-05
input,2.12374e-05
specialize,1.98244e-05
northeast,1.97092e-05
shallow,1.97456e-05
liability,2.05431e-05
sail,1.9785e-05
merchant,1.96304e-05
stadium,2.11556e-05
improved,2.03763e-05
bloody,1.97486e-05
defeat,1.93454e-05
associated,2.04794e-05
withdrawal,2.00852e-05
refrigerator,1.97001e-05
nest,1.98335e-05
near,1.90906e-05
thoroughly,1.93575e-05
lane,1.98305e-05
ancestor,1.97971e-05
condemn,1.94606e-05
steam,1.94848e-05
accent,1.96668e-05
escape,1.92786e-05
optimistic,1.94424e-05
unite,1.93787e-05
cage,2.00761e-05
equip,1.95152e-05
shrimp,2.01064e-05
homeland,2.03945e-05
exchange,1.93878e-05
rack,2.02459e-05
costume,1.92514e-05
wolf,2.03702e-05
courtroom,2.0534e-05
statute,2.07341e-05
cartoon,1.94151e-05
besides,1.87935e-05
productivity,2.01671e-05
grin,2.19591e-05
symbolic,2.04824e-05
seal,1.98396e-05
bug,1.98335e-05
bless,1.90816e-05
aunt,2.02004e-05
agriculture,2.00761e-05
rock,1.96273e-05
hostile,1.91604e-05
root,1.903e-05
conceive,1.96668e-05
combined,1.96941e-05
instantly,1.96364e-05
bankruptcy,2.02853e-05
vaccine,2.05006e-05
bonus,1.98032e-05
collaboration,2.08887e-05
mixed,1.91846e-05
opposed,1.94606e-05
orbit,1.96789e-05
grasp,1.92756e-05
patience,1.98062e-05
spite,1.9221e-05
tropical,1.96273e-05
voting,2.00761e-05
patrol,1.93514e-05
willingness,1.9591e-05
position,1.90664e-05
revelation,1.90937e-05
rent,1.92847e-05
calm,1.96607e-05
jewelry,1.9218e-05
Cuban,2.00155e-05
haul,1.9409e-05
concede,1.91119e-05
trace,1.92392e-05
wagon,1.99427e-05
afterward,1.92635e-05
spectacular,1.903e-05
ruin,1.90027e-05
sheer,1.88268e-05
prior,2.03763e-05
immune,1.9685e-05
reliability,2.1386e-05
ass,2.09554e-05
alongside,1.86965e-05
bush,1.9124e-05
exotic,1.87541e-05
fascinating,1.88936e-05
secure,1.86116e-05
clip,2.01944e-05
thigh,1.99397e-05
bull,1.92423e-05
drawer,2.02095e-05
regard,2.02095e-05
sheep,1.91634e-05
discourage,1.87298e-05
coordinator,1.96425e-05
ideological,2.05976e-05
runner,1.92028e-05
secular,1.98911e-05
intimate,1.86267e-05
empire,1.90057e-05
cab,1.98942e-05
divorce,1.84539e-05
exam,1.87268e-05
documentary,1.91665e-05
neutral,1.91968e-05
biology,1.92059e-05
flexible,1.91392e-05
progressive,1.93666e-05
web,1.94393e-05
conspiracy,1.89845e-05
catch,1.93363e-05
casualty,1.95242e-05
republic,2.2799e-05
execution,1.90361e-05
terrific,1.92726e-05
whale,2.1007e-05
functional,2.04248e-05
star,1.91877e-05
draft,1.89027e-05
instinct,1.84236e-05
teammate,1.99275e-05
aluminum,1.96122e-05
whoever,1.89512e-05
ministry,1.89512e-05
verdict,1.97971e-05
instruct,1.85479e-05
skull,1.91422e-05
self-esteem,2.03975e-05
ease,1.85054e-05
cooperative,2.02277e-05
manipulate,1.86752e-05
bee,1.92301e-05
practitioner,2.02247e-05
loop,1.87238e-05
edit,1.86692e-05
whip,1.89663e-05
puzzle,1.8657e-05
mushroom,1.95697e-05
subsidy,1.89087e-05
boil,1.87389e-05
tragic,1.83083e-05
mathematics,2.07038e-05
mechanic,1.84721e-05
jar,1.90543e-05
respect,2.01913e-05
earthquake,1.95242e-05
pork,1.89845e-05
creativity,1.95637e-05
safely,1.80688e-05
underlying,1.92241e-05
dessert,1.90603e-05
sympathy,1.83265e-05
fisherman,1.91543e-05
incredibly,1.86207e-05
isolation,1.89542e-05
sock,1.90209e-05
near,1.84872e-05
jump,1.846e-05
eleven,1.89178e-05
sexy,1.91028e-05
entrepreneur,1.89148e-05
syndrome,1.86692e-05
bureau,1.87965e-05
seat,1.88814e-05
workplace,1.87571e-05
ambition,1.80779e-05
touchdown,2.10858e-05
utilize,2.00337e-05
breeze,1.94757e-05
costly,1.85873e-05
ambitious,1.83144e-05
Christianity,1.91392e-05
presumably,1.83114e-05
influential,1.86813e-05
translation,1.89997e-05
uncertain,1.80445e-05
dissolve,1.86692e-05
object,1.79172e-05
statistical,2.01155e-05
gut,1.83963e-05
metropolitan,1.86449e-05
rolling,1.83932e-05
aesthetic,2.01549e-05
spell,1.78505e-05
insert,1.83963e-05
booth,1.87723e-05
helmet,1.88087e-05
waist,1.93878e-05
expected,1.86298e-05
lion,1.84205e-05
accomplishment,1.81325e-05
royal,1.8278e-05
panic,1.84569e-05
cast,1.82143e-05
crush,1.81476e-05
actively,1.88966e-05
cliff,1.85479e-05
minimal,1.87268e-05
cord,1.84084e-05
fortunately,1.81143e-05
cocaine,1.88208e-05
illusion,1.82992e-05
anonymous,1.80385e-05
tolerate,1.7802e-05
appreciation,1.83569e-05
commissioner,1.91119e-05
harm,1.7617e-05
flexibility,1.86449e-05
instructional,2.12678e-05
scramble,1.83781e-05
casino,1.88147e-05
tumor,1.94879e-05
decorate,1.8184e-05
sort,1.7614e-05
charge,1.78687e-05
pulse,1.81689e-05
equivalent,1.7996e-05
fixed,1.83205e-05
experienced,1.82871e-05
donation,1.84539e-05
diary,1.80263e-05
sibling,1.85024e-05
irony,1.76413e-05
spoon,1.87814e-05
midst,1.74654e-05
alley,1.89087e-05
upset,1.80536e-05
interact,1.89421e-05
soap,1.80476e-05
cute,1.8463e-05
rival,1.82083e-05
short-term,1.81871e-05
punch,1.84084e-05
pin,1.81931e-05
hockey,1.87116e-05
passing,1.7899e-05
persist,1.82325e-05
supplier,1.83083e-05
known,1.78656e-05
momentum,1.79233e-05
purse,1.86813e-05
shed,1.74927e-05
liquid,1.80354e-05
icon,1.82841e-05
elephant,1.83083e-05
consequently,1.9597e-05
legislature,1.8275e-05
associate,1.77686e-05
franchise,1.91998e-05
correctly,1.78414e-05
mentally,1.75655e-05
foster,1.89117e-05
bicycle,1.80718e-05
encouraging,1.77929e-05
cheat,1.76443e-05
access,1.82629e-05
heal,1.75776e-05
fever,1.78111e-05
filter,1.88299e-05
rabbit,1.84812e-05
coin,1.80324e-05
exploit,1.79172e-05
accessible,1.8087e-05
organism,1.88299e-05
sensation,1.78353e-05
partially,1.78353e-05
stay,1.7523e-05
upstairs,1.90148e-05
dried,1.85236e-05
minimum,1.77898e-05
pro,1.84994e-05
conservation,1.85843e-05
shove,1.91846e-05
backyard,1.78596e-05
charter,1.82265e-05
stove,1.84418e-05
consent,1.89178e-05
comprise,1.89754e-05
reminder,1.72259e-05
alike,1.74048e-05
placement,1.9027e-05
dough,1.90846e-05
grandchild,1.76655e-05
dam,1.80961e-05
reportedly,1.79233e-05
well-known,1.75321e-05
surrounding,1.76655e-05
ecological,1.95364e-05
outfit,1.77383e-05
unprecedented,1.75806e-05
columnist,1.8184e-05
workout,1.94484e-05
preliminary,1.79142e-05
patent,1.82659e-05
shy,1.76049e-05
quote,1.88845e-05
trash,1.762e-05
disabled,1.80476e-05
gross,1.75927e-05
damn,1.90088e-05
hormone,1.88905e-05
texture,1.81749e-05
counter,1.73502e-05
pencil,1.79991e-05
associate,1.77656e-05
frontier,1.78808e-05
spray,1.82083e-05
bet,1.75897e-05
disclose,1.78262e-05
custody,1.80627e-05
banker,1.799e-05
beast,1.83508e-05
interfere,1.73108e-05
oak,1.80051e-05
case,1.75594e-05
eighth,1.76291e-05
notebook,1.78414e-05
outline,1.77656e-05
gaze,1.93423e-05
attendance,1.80809e-05
speculation,1.72774e-05
uncover,1.72713e-05
behalf,1.73653e-05
innovative,1.79536e-05
shark,1.86904e-05
reward,1.72107e-05
mill,1.74684e-05
installation,1.80051e-05
stimulate,1.78838e-05
tag,1.73896e-05
vertical,1.80415e-05
swimming,1.73896e-05
fleet,1.75291e-05
catalog,1.79657e-05
outsider,1.72531e-05
sacrifice,1.71046e-05
desperately,1.72865e-05
stance,1.76231e-05
compel,1.73684e-05
sensitivity,1.81355e-05
someday,1.74169e-05
instant,1.74806e-05
debut,1.81507e-05
proclaim,1.7332e-05
worldwide,1.75291e-05
hike,1.85297e-05
required,1.80506e-05
confrontation,1.74715e-05
colorful,1.75048e-05
ideal,1.81264e-05
constitution,1.85297e-05
trainer,1.77231e-05
Thanksgiving,1.77656e-05
scent,1.83447e-05
stack,1.77625e-05
eyebrow,1.88359e-05
sack,1.78293e-05
cease,1.72198e-05
inherit,1.68681e-05
tray,1.82568e-05
pioneer,1.74502e-05
organizational,1.95424e-05
textbook,1.80961e-05
uh,1.86631e-05
nasty,1.72289e-05
shrink,1.70318e-05
model,1.79657e-05
emerging,1.80173e-05
dot,1.75715e-05
wheat,1.73744e-05
fierce,1.7047e-05
envision,1.70379e-05
rational,1.80142e-05
kingdom,1.72046e-05
aisle,1.76716e-05
weaken,1.71015e-05
protocol,1.82871e-05
exclusively,1.77444e-05
vocal,1.73653e-05
marketplace,1.71319e-05
openly,1.68529e-05
unfair,1.715e-05
terrain,1.7808e-05
deploy,1.72046e-05
risky,1.70773e-05
pasta,1.83811e-05
genre,1.79475e-05
distract,1.73441e-05
merit,1.71925e-05
planner,1.75776e-05
depressed,1.68074e-05
chunk,1.72289e-05
closest,1.66952e-05
discount,1.7614e-05
no,1.6953e-05
ladder,1.73441e-05
jungle,1.72622e-05
migration,1.83963e-05
breathing,1.75806e-05
invade,1.7141e-05
hurricane,1.95242e-05
retailer,1.79354e-05
classify,1.8084e-05
wound,1.71622e-05
coup,1.87359e-05
aid,1.72107e-05
ambassador,1.77292e-05
density,1.83144e-05
supportive,1.71682e-05
curiosity,1.70712e-05
skip,1.70864e-05
aggression,1.8845e-05
stimulus,1.8845e-05
journalism,1.72349e-05
robot,1.82629e-05
flood,1.6771e-05
dip,1.71743e-05
likewise,1.76504e-05
informal,1.79839e-05
Persian,1.92241e-05
feather,1.74169e-05
sphere,1.78323e-05
tighten,1.71773e-05
boast,1.73775e-05
pat,1.80961e-05
perceived,1.93635e-05
sole,1.67832e-05
publicity,1.68499e-05
major,1.72168e-05
unfold,1.64345e-05
joke,1.69075e-05
well-being,1.82083e-05
validity,1.9409e-05
ecosystem,1.8845e-05
strictly,1.67741e-05
partial,1.7332e-05
collar,1.75594e-05
weed,1.71076e-05
compliance,1.81113e-05
streak,1.76655e-05
supposedly,1.65284e-05
added,1.70288e-05
builder,1.73441e-05
glimpse,1.68802e-05
premise,1.72683e-05
specialty,1.7047e-05
deem,1.70985e-05
artifact,1.75048e-05
sneak,1.72531e-05
monkey,1.72774e-05
mentor,1.74563e-05
two-thirds,1.68529e-05
listener,1.70439e-05
lightning,1.72046e-05
legally,1.66285e-05
sleeve,1.77535e-05
disappointment,1.65679e-05
disturb,1.67741e-05
rib,1.71682e-05
excessive,1.70803e-05
high-tech,1.72259e-05
debris,1.66497e-05
pile,1.70075e-05
rod,1.75503e-05
logical,1.71137e-05
liberal,1.72137e-05
ash,1.71228e-05
socially,1.76291e-05
parish,1.73532e-05
slavery,1.73199e-05
blank,1.69348e-05
commodity,1.71591e-05
cure,1.658e-05
mineral,1.74593e-05
hunger,1.65557e-05
dying,1.66892e-05
developmental,1.89663e-05
faster,1.67922e-05
spare,1.66528e-05
halfway,1.72683e-05
cure,1.65072e-05
equality,1.7711e-05
cemetery,1.69317e-05
harassment,1.78353e-05
deliberately,1.63374e-05
fame,1.66315e-05
regret,1.66134e-05
striking,1.67255e-05
likelihood,1.75564e-05
carrot,1.7338e-05
atop,1.69135e-05
toll,1.69408e-05
rim,1.72107e-05
embarrassed,1.70621e-05
fucking,1.96243e-05
cling,1.72168e-05
isolated,1.66224e-05
blink,1.86783e-05
suspicious,1.64102e-05
wheelchair,1.71925e-05
squad,1.67377e-05
eligible,1.6765e-05
processor,1.78353e-05
plunge,1.66467e-05
this,1.67286e-05
sponsor,1.7047e-05
grin,1.80233e-05
color,1.65709e-05
demographic,1.85054e-05
rain,1.69711e-05
chill,1.72077e-05
refuge,1.66922e-05
steer,1.65315e-05
legislator,1.6959e-05
rally,1.70379e-05
programming,1.66983e-05
cheer,1.65012e-05
outlet,1.66679e-05
intact,1.62222e-05
vendor,1.68074e-05
thrive,1.65921e-05
peanut,1.69924e-05
chew,1.71895e-05
elaborate,1.62192e-05
intellectual,1.75048e-05
conception,1.80506e-05
auction,1.70439e-05
steak,1.69681e-05
comply,1.65315e-05
triumph,1.61828e-05
shareholder,1.74108e-05
comparable,1.69802e-05
transport,1.61797e-05
conscience,1.61221e-05
calculation,1.69105e-05
considerably,1.66194e-05
interval,1.73077e-05
scratch,1.70682e-05
awake,1.76049e-05
jurisdiction,1.72562e-05
inevitably,1.64345e-05
feminist,1.73411e-05
constraint,1.80173e-05
emotionally,1.61343e-05
expedition,1.6577e-05
allegedly,1.65284e-05
compromise,1.61373e-05
strain,1.64799e-05
similarity,1.73108e-05
butt,1.66467e-05
lid,1.68529e-05
dumb,1.66346e-05
bulk,1.61434e-05
sprinkle,1.75169e-05
mortality,1.75412e-05
philosophical,1.73775e-05
conversion,1.70621e-05
patron,1.61646e-05
municipal,1.67862e-05
any,1.62283e-05
liver,1.64193e-05
harmony,1.64041e-05
solely,1.65436e-05
tolerance,1.67164e-05
instant,1.74502e-05
goat,1.65527e-05
arm,1.58644e-05
blessing,1.58341e-05
banana,1.65497e-05
running,1.59827e-05
palace,1.62131e-05
formerly,1.62222e-05
peasant,1.70075e-05
neat,1.62495e-05
grandparent,1.61737e-05
lawmaker,1.74502e-05
supermarket,1.63405e-05
cruise,1.64769e-05
mobile,1.61888e-05
plain,1.61828e-05
part,1.66861e-05
calendar,1.59432e-05
widow,1.60979e-05
deposit,1.66679e-05
beard,1.67619e-05
brake,1.67437e-05
downtown,1.66255e-05
screening,1.6395e-05
impulse,1.60858e-05
forbid,1.56673e-05
fur,1.65739e-05
brutal,1.57461e-05
predator,1.63738e-05
poke,1.69044e-05
opt,1.62859e-05
voluntary,1.66892e-05
trouble,1.56976e-05
valid,1.67043e-05
forum,1.64314e-05
dancing,1.58978e-05
happily,1.61646e-05
soar,1.6204e-05
removal,1.66406e-05
autonomy,1.77353e-05
enact,1.64981e-05
round,1.59099e-05
thread,1.61919e-05
light,1.65497e-05
landmark,1.61676e-05
unhappy,1.56521e-05
offender,1.64254e-05
coming,1.57098e-05
privately,1.58038e-05
fraction,1.611e-05
distinctive,1.62919e-05
tourism,1.64617e-05
threshold,1.66467e-05
calm,1.60979e-05
routinely,1.59766e-05
suite,1.61343e-05
remark,1.60372e-05
regulator,1.65618e-05
straw,1.60615e-05
theological,1.72349e-05
apart,1.58159e-05
exhaust,1.57795e-05
globe,1.56643e-05
fragile,1.554e-05
objection,1.59978e-05
chemistry,1.57431e-05
old-fashioned,1.57674e-05
crowded,1.57552e-05
circle,1.63768e-05
blast,1.58917e-05
prevail,1.57886e-05
overnight,1.56764e-05
denial,1.57886e-05
rental,1.62434e-05
fantastic,1.59766e-05
fragment,1.60948e-05
level,1.62737e-05
screw,1.62556e-05
warmth,1.63223e-05
undergraduate,1.72319e-05
liquid,1.59645e-05
headache,1.59372e-05
policeman,1.60039e-05
yield,1.71258e-05
projection,1.60342e-05
battle,1.58887e-05
suitable,1.60433e-05
mention,1.55763e-05
graduation,1.58219e-05
drill,1.60069e-05
cruel,1.55491e-05
mansion,1.58674e-05
regard,1.59584e-05
grape,1.61252e-05
authorize,1.57947e-05
cottage,1.61555e-05
driveway,1.65527e-05
charm,1.5637e-05
sexuality,1.6771e-05
loyal,1.53611e-05
clay,1.60312e-05
pound,1.61525e-05
balloon,1.5728e-05
invention,1.58007e-05
ego,1.58856e-05
fare,1.62586e-05
homework,1.54429e-05
disc,1.63829e-05
sofa,1.6674e-05
guarantee,1.57825e-05
availability,1.67346e-05
radar,1.5831e-05
frown,1.7899e-05
regain,1.52853e-05
leave,1.54247e-05
permit,1.60858e-05
sweater,1.63496e-05
rehabilitation,1.68195e-05
rubber,1.5737e-05
retreat,1.55612e-05
molecule,1.65103e-05
freely,1.54187e-05
favorable,1.61434e-05
steadily,1.54187e-05
veteran,1.6107e-05
integrated,1.65406e-05
ha,1.62889e-05
youngster,1.57189e-05
broadcast,1.55794e-05
premium,1.60069e-05
accountability,1.64011e-05
overwhelm,1.50882e-05
one-third,1.57977e-05
contemplate,1.52428e-05
update,1.58492e-05
spark,1.53762e-05
ironically,1.56279e-05
fatigue,1.58098e-05
beyond,1.52701e-05
speculate,1.51973e-05
marker,1.5634e-05
low,1.52337e-05
preach,1.5352e-05
bucket,1.58674e-05
bomb,1.59948e-05
blond,1.66134e-05
confession,1.53853e-05
provoke,1.5352e-05
marble,1.57977e-05
substantially,1.6204e-05
twist,1.53429e-05
defender,1.55733e-05
fish,1.57158e-05
explicit,1.65588e-05
transport,1.611e-05
disturbing,1.51306e-05
surveillance,1.55612e-05
magnetic,1.63041e-05
technician,1.53065e-05
mutter,1.74442e-05
devastating,1.53277e-05
depart,1.52671e-05
arrow,1.57916e-05
trauma,1.78293e-05
neighboring,1.54096e-05
soak,1.57249e-05
ribbon,1.56431e-05
meantime,1.52276e-05
transmit,1.55157e-05
screen,1.54005e-05
harvest,1.554e-05
consecutive,1.65891e-05
republican,1.60615e-05
coordinate,1.56218e-05
worldwide,1.54308e-05
within,1.54187e-05
spy,1.53914e-05
slot,1.55551e-05
riot,1.57765e-05
nutrient,1.64526e-05
citizenship,1.69863e-05
severely,1.52671e-05
sovereignty,1.68013e-05
ridge,1.58553e-05
brave,1.53459e-05
lighting,1.54065e-05
specify,1.63101e-05
contributor,1.54156e-05
frustrate,1.49578e-05
crowd,1.54126e-05
articulate,1.62222e-05
importantly,1.55551e-05
transit,1.58462e-05
dense,1.53459e-05
seminar,1.54823e-05
electronics,1.55127e-05
sunny,1.55157e-05
shorts,1.56097e-05
swell,1.554e-05
accusation,1.51215e-05
soften,1.55005e-05
photograph,1.51791e-05
straighten,1.62283e-05
terribly,1.5452e-05
cue,1.57249e-05
sudden,1.58007e-05
bride,1.70197e-05
biography,1.52064e-05
hazard,1.56431e-05
compelling,1.51458e-05
seldom,1.51882e-05
tile,1.57674e-05
economically,1.56734e-05
honestly,1.52883e-05
troubled,1.51336e-05
bow,1.60494e-05
twentieth,1.65497e-05
balanced,1.66346e-05
foreigner,1.53914e-05
launch,1.54035e-05
convenience,1.5076e-05
delight,1.52762e-05
weave,1.52064e-05
timber,1.56158e-05
till,1.59766e-05
accurately,1.5634e-05
plea,1.51609e-05
bulb,1.5637e-05
copy,1.507e-05
flying,1.53307e-05
sustainable,1.61888e-05
devil,1.53156e-05
bolt,1.56097e-05
cargo,1.51336e-05
spine,1.54945e-05
seller,1.54126e-05
skilled,1.53034e-05
managing,1.5543e-05
public,1.4788e-05
marine,1.56279e-05
dock,1.57007e-05
organized,1.51943e-05
fog,1.57249e-05
diplomat,1.57219e-05
boring,1.49244e-05
sometime,1.49729e-05
summary,1.60827e-05
missionary,1.6489e-05
epidemic,1.51913e-05
fatal,1.47819e-05
trim,1.55036e-05
warehouse,1.52216e-05
accelerate,1.49275e-05
butterfly,1.52549e-05
bronze,1.55187e-05
drown,1.54551e-05
inherent,1.61888e-05
praise,1.48456e-05
nationwide,1.54763e-05
spit,1.60281e-05
harvest,1.5358e-05
kneel,1.6577e-05
vacuum,1.52458e-05
selected,1.61161e-05
dictate,1.49638e-05
stereotype,1.54914e-05
sensor,1.56279e-05
laundry,1.5352e-05
manual,1.52822e-05
pistol,1.59523e-05
naval,1.51306e-05
plaintiff,1.6107e-05
kid,1.5446e-05
middle-class,1.52367e-05
apology,1.5076e-05
till,1.54005e-05
